file,ts_len,anomaly_len,num_anomaly,avg_anomaly_len,anomaly_ratio,point_anomaly,seq_anomaly
001_NAB_id_1_Facility_tr_1007_1st_2014.csv,4031,343,3,114.33333333333333,0.08509054825105433,0,1
002_NAB_id_2_WebService_tr_1500_1st_4106.csv,6000,637,1,637.0,0.10616666666666667,0,1
003_NAB_id_3_WebService_tr_1362_1st_1462.csv,15852,1523,3,507.6666666666667,0.09607620489528135,0,1
004_NAB_id_4_Facility_tr_1007_1st_1437.csv,4031,402,1,402.0,0.09972711485983626,0,1
005_NAB_id_5_Traffic_tr_594_1st_1645.csv,2379,238,1,238.0,0.10004203446826397,0,1
006_NAB_id_6_Traffic_tr_2579_1st_5839.csv,10319,1030,5,206.0,0.09981587363116581,0,1
007_NAB_id_7_Traffic_tr_624_1st_2087.csv,2499,248,2,124.0,0.09923969587835134,0,1
008_NAB_id_8_Synthetic_tr_1007_1st_2734.csv,4031,402,1,402.0,0.09972711485983626,0,1
009_NAB_id_9_Traffic_tr_500_1st_438.csv,2161,216,1,216.0,0.0999537251272559,0,1
010_NAB_id_10_WebService_tr_500_1st_271.csv,1000,148,3,49.333333333333336,0.148,0,1
011_NAB_id_11_Facility_tr_1007_1st_1526.csv,4031,474,1,474.0,0.11758868767055321,0,1
012_NAB_id_12_Synthetic_tr_1007_1st_2787.csv,4031,513,1,513.0,0.12726370627635822,0,1
013_NAB_id_13_Traffic_tr_623_1st_2084.csv,2494,248,2,124.0,0.09943865276663993,0,1
014_NAB_id_14_WebService_tr_500_1st_1045.csv,1537,152,1,152.0,0.0988939492517892,0,1
015_NAB_id_15_Synthetic_tr_1007_1st_2787.csv,4031,513,1,513.0,0.12726370627635822,0,1
016_NAB_id_16_Environment_tr_1816_1st_3540.csv,7266,724,2,362.0,0.09964216900633086,0,1
017_NAB_id_17_Synthetic_tr_1007_1st_1805.csv,4031,402,1,402.0,0.09972711485983626,0,1
018_NAB_id_18_Facility_tr_500_1st_669.csv,1881,188,2,94.0,0.09994683678894205,0,1
019_NAB_id_19_Facility_tr_1007_1st_1171.csv,4031,400,2,200.0,0.09923096005953858,0,1
020_NAB_id_20_Synthetic_tr_1007_1st_2679.csv,4031,621,1,621.0,0.15405606549243364,0,1
021_NAB_id_21_WebService_tr_500_1st_565.csv,1623,160,2,80.0,0.09858287122612445,0,1
022_NAB_id_22_Facility_tr_1007_1st_2980.csv,4031,520,2,260.0,0.12900024807740015,0,1
023_NAB_id_23_Facility_tr_4512_1st_16551.csv,18049,1498,1,1498.0,0.0829962878829852,0,1
024_NAB_id_24_Synthetic_tr_1007_1st_2787.csv,4031,513,1,513.0,0.12726370627635822,0,1
025_NAB_id_25_WebService_tr_3958_1st_4614.csv,15832,1580,2,790.0,0.0997978777160182,0,1
026_NAB_id_26_Traffic_tr_624_1st_2261.csv,2499,238,1,238.0,0.09523809523809523,0,1
027_NAB_id_27_Facility_tr_757_1st_2582.csv,3031,200,1,200.0,0.06598482349059716,0,1
028_NAB_id_28_Facility_tr_1007_1st_3447.csv,4031,430,1,430.0,0.10667328206400396,0,1
029_WSD_id_1_WebService_tr_4559_1st_10201.csv,18236,26,1,26.0,0.0014257512612415003,0,1
030_WSD_id_2_WebService_tr_4499_1st_4599.csv,18084,88,7,12.571428571428571,0.004866180048661801,0,1
031_WSD_id_3_WebService_tr_826_1st_926.csv,18236,39,1,39.0,0.0021386268918622505,0,1
032_WSD_id_4_WebService_tr_4559_1st_11822.csv,10686,32,2,16.0,0.0029945723376380313,0,1
033_WSD_id_5_WebService_tr_4559_1st_12588.csv,18236,14,1,14.0,0.0007677122175915771,0,1
034_WSD_id_6_WebService_tr_4559_1st_8461.csv,18236,188,4,47.0,0.010309278350515464,0,1
035_WSD_id_7_WebService_tr_4555_1st_11911.csv,18220,32,3,10.666666666666666,0.001756311745334797,0,1
036_WSD_id_8_WebService_tr_4504_1st_6898.csv,18016,6,2,3.0,0.0003330373001776199,0,1
037_WSD_id_9_WebService_tr_4583_1st_6214.csv,18334,46,3,15.333333333333334,0.002508999672739173,0,1
038_WSD_id_10_WebService_tr_4042_1st_4142.csv,18084,66,6,11.0,0.0036496350364963502,0,1
039_WSD_id_11_WebService_tr_1746_1st_1846.csv,18219,132,7,18.857142857142858,0.0072451835995389425,0,1
040_WSD_id_12_WebService_tr_4559_1st_9714.csv,18236,41,4,10.25,0.0022483000658039044,0,1
041_WSD_id_13_WebService_tr_4296_1st_5196.csv,17186,156,7,22.285714285714285,0.009077155824508321,0,1
042_WSD_id_14_WebService_tr_3015_1st_3115.csv,18308,121,12,10.083333333333334,0.006609132619619838,0,1
043_WSD_id_15_WebService_tr_4521_1st_6828.csv,18085,6,2,3.0,0.00033176665745092616,0,1
044_WSD_id_16_WebService_tr_4559_1st_6975.csv,18236,32,1,32.0,0.001754770783066462,0,1
045_WSD_id_17_WebService_tr_2566_1st_2666.csv,18236,6,2,3.0,0.0003290195218249616,0,1
046_WSD_id_18_WebService_tr_2357_1st_2457.csv,18220,130,11,11.818181818181818,0.007135016465422613,0,1
047_WSD_id_19_WebService_tr_4559_1st_16362.csv,18236,14,1,14.0,0.0007677122175915771,0,1
048_WSD_id_20_WebService_tr_4559_1st_11813.csv,18236,53,2,26.5,0.0029063391094538275,0,1
049_WSD_id_21_WebService_tr_4297_1st_7097.csv,17189,31,3,10.333333333333334,0.0018034789691081506,0,1
050_WSD_id_22_WebService_tr_4559_1st_12816.csv,18236,23,1,23.0,0.0012612415003290195,0,1
051_WSD_id_23_WebService_tr_3919_1st_5154.csv,15676,60,4,15.0,0.003827507017096198,0,1
052_WSD_id_24_WebService_tr_4559_1st_9102.csv,18236,34,2,17.0,0.001864443957008116,0,1
053_WSD_id_25_WebService_tr_4559_1st_9198.csv,18236,13,1,13.0,0.0007128756306207501,0,1
054_WSD_id_26_WebService_tr_2409_1st_2509.csv,18391,66,5,13.2,0.003588711869936382,0,1
055_WSD_id_27_WebService_tr_3768_1st_3868.csv,18191,103,8,12.875,0.005662140618987411,0,1
056_WSD_id_28_WebService_tr_4559_1st_9689.csv,18236,38,1,38.0,0.0020837903048914236,0,1
057_WSD_id_29_WebService_tr_2229_1st_2329.csv,18236,29,1,29.0,0.001590261022153981,0,1
058_WSD_id_30_WebService_tr_1136_1st_1236.csv,18236,8,1,8.0,0.0004386926957666155,0,1
059_WSD_id_31_WebService_tr_4559_1st_9058.csv,18236,25,1,25.0,0.0013709146742706734,0,1
060_WSD_id_32_WebService_tr_4576_1st_4766.csv,18305,102,8,12.75,0.005572248019666758,0,1
061_WSD_id_33_WebService_tr_4559_1st_9722.csv,18236,30,3,10.0,0.001645097609124808,0,1
062_WSD_id_34_WebService_tr_3371_1st_3471.csv,18236,160,16,10.0,0.00877385391533231,0,1
063_WSD_id_35_WebService_tr_2290_1st_2390.csv,18236,67,3,22.333333333333332,0.003674051327045405,0,1
064_WSD_id_36_WebService_tr_4559_1st_10195.csv,18236,25,1,25.0,0.0013709146742706734,0,1
065_WSD_id_37_WebService_tr_3451_1st_3551.csv,18236,199,2,99.5,0.01091248080719456,0,1
066_WSD_id_38_WebService_tr_3320_1st_3420.csv,18302,112,8,14.0,0.006119549775980767,0,1
067_WSD_id_39_WebService_tr_4559_1st_13973.csv,18236,48,1,48.0,0.002632156174599693,0,1
068_WSD_id_40_WebService_tr_4549_1st_13322.csv,18197,29,2,14.5,0.001593669286146068,0,1
069_WSD_id_41_WebService_tr_4548_1st_13988.csv,18192,13,1,13.0,0.0007145998240985048,0,1
070_WSD_id_42_WebService_tr_2102_1st_2202.csv,11686,79,6,13.166666666666666,0.006760225911346911,0,1
071_WSD_id_43_WebService_tr_3387_1st_3487.csv,18236,2095,7,299.2857142857143,0.11488264970388243,0,1
072_WSD_id_44_WebService_tr_1691_1st_1791.csv,12500,187,4,46.75,0.01496,0,1
073_WSD_id_45_WebService_tr_3392_1st_3492.csv,15000,268,2,134.0,0.017866666666666666,0,1
074_WSD_id_46_WebService_tr_990_1st_1090.csv,18236,290,21,13.80952380952381,0.015902610221539812,0,1
075_WSD_id_47_WebService_tr_3296_1st_3468.csv,13186,35,4,8.75,0.002654330350371606,0,1
076_WSD_id_48_WebService_tr_3821_1st_7083.csv,15285,9,2,4.5,0.0005888125613346418,0,1
077_WSD_id_49_WebService_tr_3310_1st_3716.csv,13243,59,6,9.833333333333334,0.0044551838707241566,0,1
078_WSD_id_50_WebService_tr_2449_1st_2549.csv,18381,73,6,12.166666666666666,0.003971492301833415,0,1
079_WSD_id_51_WebService_tr_4559_1st_10672.csv,18236,27,2,13.5,0.0014805878482123272,0,1
080_WSD_id_52_WebService_tr_1538_1st_1638.csv,18307,96,15,6.4,0.005243895777571421,0,1
081_WSD_id_53_WebService_tr_4559_1st_8448.csv,18236,204,3,68.0,0.011186663742048695,0,1
082_WSD_id_54_WebService_tr_4437_1st_4805.csv,17748,141,5,28.2,0.007944557133198107,0,1
083_WSD_id_55_WebService_tr_4599_1st_4863.csv,18397,616,2,308.0,0.03348372017176714,0,1
084_WSD_id_56_WebService_tr_4559_1st_9616.csv,18236,63,1,63.0,0.0034547049791620967,0,1
085_WSD_id_57_WebService_tr_780_1st_880.csv,15403,203,24,8.458333333333334,0.013179250795299618,0,1
086_WSD_id_58_WebService_tr_4436_1st_9529.csv,17746,23,4,5.75,0.0012960667192606784,0,1
087_WSD_id_59_WebService_tr_4559_1st_12600.csv,18236,11,1,11.0,0.0006032024566790963,0,1
088_WSD_id_60_WebService_tr_4548_1st_5596.csv,18193,59,4,14.75,0.0032430055515857746,0,1
089_WSD_id_61_WebService_tr_1010_1st_1110.csv,17429,241,22,10.954545454545455,0.013827528831258248,0,1
090_WSD_id_62_WebService_tr_2281_1st_2381.csv,13236,150,11,13.636363636363637,0.011332728921124207,0,1
091_WSD_id_63_WebService_tr_500_1st_363.csv,18230,158,10,15.8,0.008667032364234778,0,1
092_WSD_id_64_WebService_tr_500_1st_118.csv,18242,43,5,8.6,0.002357197675693455,0,1
093_WSD_id_65_WebService_tr_1125_1st_1225.csv,18179,177,11,16.09090909090909,0.009736509158919632,0,1
094_WSD_id_66_WebService_tr_3309_1st_3914.csv,13237,35,3,11.666666666666666,0.0026441036488630354,0,1
095_WSD_id_67_WebService_tr_2182_1st_2282.csv,18236,14,1,14.0,0.0007677122175915771,0,1
096_WSD_id_68_WebService_tr_1341_1st_1441.csv,10744,33,3,11.0,0.003071481757259866,0,1
097_WSD_id_69_WebService_tr_4520_1st_6465.csv,18083,44,4,11.0,0.002433224575568213,0,1
098_WSD_id_70_WebService_tr_3575_1st_3675.csv,18236,9,3,3.0,0.0004935292827374424,0,1
099_WSD_id_71_WebService_tr_4559_1st_14411.csv,18236,41,2,20.5,0.0022483000658039044,0,1
100_WSD_id_72_WebService_tr_4559_1st_10254.csv,18236,50,4,12.5,0.0027418293485413467,0,1
101_WSD_id_73_WebService_tr_1513_1st_1613.csv,18236,71,1,71.0,0.0038933976749287126,0,1
102_WSD_id_74_WebService_tr_3306_1st_3639.csv,13227,29,3,9.666666666666666,0.0021924850684206547,0,1
103_WSD_id_75_WebService_tr_1375_1st_1475.csv,18179,107,4,26.75,0.005885912316409043,0,1
104_WSD_id_76_WebService_tr_3047_1st_3147.csv,18084,128,12,10.666666666666666,0.007078080070780801,0,1
105_WSD_id_77_WebService_tr_2348_1st_2448.csv,18380,96,9,10.666666666666666,0.005223068552774755,0,1
106_WSD_id_78_WebService_tr_3363_1st_3463.csv,18236,221,3,73.66666666666667,0.012118885720552752,0,1
107_WSD_id_79_WebService_tr_1095_1st_1195.csv,18236,326,6,54.333333333333336,0.01787672735248958,0,1
108_WSD_id_80_WebService_tr_2368_1st_2468.csv,18220,193,15,12.866666666666667,0.010592755214050493,0,1
109_WSD_id_81_WebService_tr_3175_1st_3275.csv,18058,65,8,8.125,0.003599512681360062,0,1
110_WSD_id_82_WebService_tr_500_1st_375.csv,18236,182,3,60.666666666666664,0.009980258828690502,0,1
111_WSD_id_83_WebService_tr_3934_1st_7531.csv,15736,3,1,3.0,0.00019064565327910524,0,1
112_WSD_id_84_WebService_tr_2442_1st_2542.csv,18380,63,6,10.5,0.003427638737758433,0,1
113_WSD_id_85_WebService_tr_500_1st_335.csv,18242,113,8,14.125,0.006194496217520009,0,1
114_WSD_id_86_WebService_tr_500_1st_403.csv,18243,83,8,10.375,0.004549690292166859,0,1
115_WSD_id_87_WebService_tr_2252_1st_2352.csv,18214,181,14,12.928571428571429,0.009937410782914241,0,1
116_WSD_id_88_WebService_tr_3934_1st_13861.csv,15736,5,1,5.0,0.00031774275546517537,0,1
117_WSD_id_89_WebService_tr_3251_1st_3351.csv,16376,3,1,3.0,0.00018319491939423546,0,1
118_WSD_id_90_WebService_tr_4559_1st_6317.csv,18236,3,1,3.0,0.0001645097609124808,0,1
119_WSD_id_91_WebService_tr_4559_1st_12353.csv,18236,34,1,34.0,0.001864443957008116,0,1
120_WSD_id_92_WebService_tr_2329_1st_2429.csv,17438,95,9,10.555555555555555,0.005447872462438353,0,1
121_WSD_id_93_WebService_tr_4559_1st_11749.csv,18236,43,3,14.333333333333334,0.0023579732397455582,0,1
122_WSD_id_94_WebService_tr_4559_1st_8618.csv,18236,56,2,28.0,0.0030708488703663083,0,1
123_WSD_id_95_WebService_tr_4559_1st_4901.csv,18236,36,6,6.0,0.0019741171309497698,0,1
124_WSD_id_96_WebService_tr_4559_1st_14350.csv,18236,10,1,10.0,0.0005483658697082694,0,1
125_WSD_id_97_WebService_tr_2217_1st_2317.csv,18250,162,10,16.2,0.008876712328767123,0,1
126_WSD_id_98_WebService_tr_657_1st_757.csv,18883,252,29,8.689655172413794,0.013345337075676535,0,1
127_WSD_id_99_WebService_tr_1164_1st_1264.csv,18190,117,11,10.636363636363637,0.006432105552501374,0,1
128_WSD_id_100_WebService_tr_4068_1st_4168.csv,18236,200,4,50.0,0.010967317394165387,0,1
129_WSD_id_101_WebService_tr_4448_1st_9592.csv,17794,20,3,6.666666666666667,0.0011239743733842868,0,1
130_WSD_id_102_WebService_tr_2362_1st_2462.csv,18236,195,9,21.666666666666668,0.010693134459311252,0,1
131_WSD_id_103_WebService_tr_4573_1st_7021.csv,18294,13,1,13.0,0.0007106155023504974,0,1
132_WSD_id_104_WebService_tr_4037_1st_4137.csv,18236,46,2,23.0,0.002522483000658039,0,1
133_WSD_id_105_WebService_tr_3934_1st_5937.csv,15736,15,1,15.0,0.0009532282663955262,0,1
134_WSD_id_106_WebService_tr_4559_1st_7990.csv,18236,106,3,35.333333333333336,0.005812678218907655,0,1
135_WSD_id_107_WebService_tr_3779_1st_3879.csv,15506,50,4,12.5,0.0032245582355217334,0,1
136_WSD_id_108_WebService_tr_3414_1st_3514.csv,18236,183,8,22.875,0.010035095415661329,0,1
137_WSD_id_109_WebService_tr_4559_1st_14404.csv,18236,59,2,29.5,0.003235358631278789,0,1
138_WSD_id_110_WebService_tr_4584_1st_6039.csv,18336,13,1,13.0,0.0007089877835951134,0,1
139_WSD_id_111_WebService_tr_1701_1st_1801.csv,18381,87,8,10.875,0.004733148359719276,0,1
140_MSL_id_1_Sensor_tr_530_1st_630.csv,2430,121,1,121.0,0.04979423868312757,0,1
141_MSL_id_2_Sensor_tr_500_1st_550.csv,2264,312,2,156.0,0.13780918727915195,0,1
142_MSL_id_3_Sensor_tr_1525_1st_4575.csv,6100,181,1,181.0,0.029672131147540984,0,1
143_MSL_id_4_Sensor_tr_980_1st_3550.csv,3922,151,1,151.0,0.038500764915859256,0,1
144_MSL_id_5_Sensor_tr_1525_1st_4590.csv,6100,131,1,131.0,0.021475409836065575,0,1
145_MSL_id_6_Sensor_tr_530_1st_630.csv,2430,121,1,121.0,0.04979423868312757,0,1
146_MSL_id_7_Sensor_tr_554_1st_1172.csv,2217,69,1,69.0,0.03112313937753721,0,1
147_MSL_id_8_Sensor_tr_590_1st_690.csv,2430,252,2,126.0,0.1037037037037037,0,1
148_MSL_id_9_Sensor_tr_883_1st_1238.csv,3535,228,2,114.0,0.0644978783592645,0,1
149_Stock_id_1_Finance_tr_500_1st_7.csv,20000,981,931,1.0537056928034372,0.04905,1,1
150_Stock_id_2_Finance_tr_500_1st_7.csv,10000,1409,1220,1.1549180327868853,0.1409,1,1
151_Stock_id_3_Finance_tr_500_1st_62.csv,10000,487,463,1.0518358531317495,0.0487,1,1
152_Stock_id_4_Finance_tr_500_1st_2.csv,20000,2809,2453,1.1451284141867102,0.14045,1,1
153_Stock_id_5_Finance_tr_500_1st_1.csv,10000,483,456,1.0592105263157894,0.0483,1,1
154_Stock_id_6_Finance_tr_500_1st_38.csv,20000,975,911,1.070252469813392,0.04875,1,1
155_Stock_id_7_Finance_tr_500_1st_18.csv,20000,973,924,1.053030303030303,0.04865,1,1
156_Stock_id_8_Finance_tr_500_1st_24.csv,10000,485,457,1.061269146608315,0.0485,1,1
157_Stock_id_9_Finance_tr_500_1st_19.csv,10000,1392,1200,1.16,0.1392,1,1
158_Stock_id_10_Finance_tr_500_1st_2.csv,20000,977,920,1.0619565217391305,0.04885,1,1
159_Stock_id_11_Finance_tr_500_1st_5.csv,20000,2792,2399,1.1638182576073364,0.1396,1,1
160_Stock_id_12_Finance_tr_500_1st_14.csv,20000,981,934,1.0503211991434689,0.04905,1,1
161_Stock_id_13_Finance_tr_500_1st_3.csv,10000,492,464,1.0603448275862069,0.0492,1,1
162_Stock_id_14_Finance_tr_500_1st_4.csv,10000,1380,1199,1.1509591326105089,0.138,1,1
163_Stock_id_15_Finance_tr_500_1st_3.csv,10000,1397,1179,1.18490245971162,0.1397,1,1
164_Stock_id_16_Finance_tr_500_1st_8.csv,20000,2775,2371,1.1703922395613666,0.13875,1,1
165_Stock_id_17_Finance_tr_500_1st_7.csv,20000,2798,2380,1.1756302521008404,0.1399,1,1
166_Stock_id_18_Finance_tr_500_1st_18.csv,20000,2797,2401,1.1649312786339026,0.13985,1,1
167_Stock_id_19_Finance_tr_500_1st_7.csv,10000,488,468,1.0427350427350428,0.0488,1,1
168_Stock_id_20_Finance_tr_500_1st_1.csv,10000,1395,1208,1.1548013245033113,0.1395,1,1
169_Daphnet_id_1_HumanActivity_tr_9693_1st_20732.csv,38774,2306,6,384.3333333333333,0.05947284262650229,0,1
170_MITDB_id_1_Medical_tr_17675_1st_17775.csv,500000,22845,49,466.2244897959184,0.04569,0,1
171_MITDB_id_2_Medical_tr_50000_1st_88864.csv,650000,19657,42,468.0238095238095,0.030241538461538462,0,1
172_MITDB_id_3_Medical_tr_27274_1st_27374.csv,650000,18109,27,670.7037037037037,0.02786,0,1
173_MITDB_id_4_Medical_tr_13620_1st_13720.csv,650000,66682,199,335.0854271356784,0.10258769230769231,0,1
174_MITDB_id_5_Medical_tr_50000_1st_539948.csv,650000,574,2,287.0,0.0008830769230769231,0,1
175_MITDB_id_6_Medical_tr_27274_1st_27374.csv,650000,18109,27,670.7037037037037,0.02786,0,1
176_MITDB_id_7_Medical_tr_6232_1st_6332.csv,650000,38272,144,265.77777777777777,0.05888,0,1
177_MITDB_id_8_Medical_tr_17675_1st_17775.csv,650000,27124,60,452.06666666666666,0.04172923076923077,0,1
178_SMD_id_1_Facility_tr_6000_1st_10609.csv,24000,427,4,106.75,0.017791666666666667,0,1
179_SMD_id_2_Facility_tr_5925_1st_17580.csv,23703,161,1,161.0,0.006792389149052862,0,1
180_SMD_id_3_Facility_tr_5925_1st_17580.csv,23703,161,1,161.0,0.006792389149052862,0,1
181_SMD_id_4_Facility_tr_5000_1st_15144.csv,20000,908,3,302.6666666666667,0.0454,0,1
182_SMD_id_5_Facility_tr_7174_1st_21230.csv,28696,198,3,66.0,0.006899916364650125,0,1
183_SMD_id_6_Facility_tr_5925_1st_17580.csv,23703,161,1,161.0,0.006792389149052862,0,1
184_SMD_id_7_Facility_tr_7119_1st_15849.csv,28479,2694,8,336.75,0.09459601811861372,0,1
185_SMD_id_8_Facility_tr_5000_1st_15144.csv,20000,908,3,302.6666666666667,0.0454,0,1
186_SMD_id_9_Facility_tr_5925_1st_17580.csv,23703,161,1,161.0,0.006792389149052862,0,1
187_SMD_id_10_Facility_tr_5000_1st_15849.csv,20000,2190,4,547.5,0.1095,0,1
188_SMD_id_11_Facility_tr_500_1st_392.csv,23703,817,12,68.08333333333333,0.034468210775007384,0,1
189_SMD_id_12_Facility_tr_5925_1st_17580.csv,23703,161,1,161.0,0.006792389149052862,0,1
190_SMD_id_13_Facility_tr_7119_1st_15849.csv,28479,2694,8,336.75,0.09459601811861372,0,1
191_SMD_id_14_Facility_tr_4596_1st_4696.csv,22700,146,2,73.0,0.006431718061674009,0,1
192_SMD_id_15_Facility_tr_5925_1st_17580.csv,23703,161,1,161.0,0.006792389149052862,0,1
193_SMD_id_16_Facility_tr_5925_1st_17580.csv,23703,161,1,161.0,0.006792389149052862,0,1
194_SMD_id_17_Facility_tr_5925_1st_17580.csv,23703,161,1,161.0,0.006792389149052862,0,1
195_SMD_id_18_Facility_tr_5925_1st_17580.csv,23703,161,1,161.0,0.006792389149052862,0,1
196_SMD_id_19_Facility_tr_7174_1st_21230.csv,28696,192,2,96.0,0.006690827989963758,0,1
197_SMD_id_20_Facility_tr_5000_1st_15144.csv,20000,908,3,302.6666666666667,0.0454,0,1
198_SMD_id_21_Facility_tr_5925_1st_17580.csv,23703,161,1,161.0,0.006792389149052862,0,1
199_SMD_id_22_Facility_tr_5925_1st_17580.csv,23703,161,1,161.0,0.006792389149052862,0,1
200_SMD_id_23_Facility_tr_7174_1st_21230.csv,28696,198,3,66.0,0.006899916364650125,0,1
201_SMD_id_24_Facility_tr_7174_1st_21230.csv,28696,198,3,66.0,0.006899916364650125,0,1
202_SMD_id_25_Facility_tr_6250_1st_21230.csv,25000,66,1,66.0,0.00264,0,1
203_SMD_id_26_Facility_tr_7174_1st_21230.csv,28696,198,3,66.0,0.006899916364650125,0,1
204_SMD_id_27_Facility_tr_5000_1st_15144.csv,20000,908,3,302.6666666666667,0.0454,0,1
205_SMD_id_28_Facility_tr_5925_1st_17580.csv,23703,161,1,161.0,0.006792389149052862,0,1
206_SMD_id_29_Facility_tr_6250_1st_21230.csv,25000,66,1,66.0,0.00264,0,1
207_SMD_id_30_Facility_tr_7174_1st_21230.csv,28696,198,3,66.0,0.006899916364650125,0,1
208_SMD_id_31_Facility_tr_5000_1st_15144.csv,20000,908,3,302.6666666666667,0.0454,0,1
209_SMD_id_32_Facility_tr_5925_1st_17580.csv,23703,161,1,161.0,0.006792389149052862,0,1
210_SMD_id_33_Facility_tr_5925_1st_17580.csv,23703,161,1,161.0,0.006792389149052862,0,1
211_SMD_id_34_Facility_tr_5925_1st_17580.csv,23703,161,1,161.0,0.006792389149052862,0,1
212_SMD_id_35_Facility_tr_5925_1st_17580.csv,23703,161,1,161.0,0.006792389149052862,0,1
213_SMD_id_36_Facility_tr_5925_1st_17580.csv,23703,161,1,161.0,0.006792389149052862,0,1
214_SMD_id_37_Facility_tr_5925_1st_17580.csv,23703,161,1,161.0,0.006792389149052862,0,1
215_SMD_id_38_Facility_tr_5925_1st_17580.csv,23703,161,1,161.0,0.006792389149052862,0,1
216_LTDB_id_1_Medical_tr_500_1st_266.csv,100000,14857,137,108.44525547445255,0.14857,0,1
217_LTDB_id_2_Medical_tr_500_1st_266.csv,100000,14857,137,108.44525547445255,0.14857,0,1
218_LTDB_id_3_Medical_tr_500_1st_266.csv,100000,14857,137,108.44525547445255,0.14857,0,1
219_LTDB_id_4_Medical_tr_3618_1st_3718.csv,100000,14781,116,127.42241379310344,0.14781,0,1
220_LTDB_id_5_Medical_tr_500_1st_26.csv,100000,31565,166,190.15060240963857,0.31565,0,1
221_LTDB_id_6_Medical_tr_500_1st_26.csv,100000,31565,166,190.15060240963857,0.31565,0,1
222_LTDB_id_7_Medical_tr_3618_1st_3718.csv,100000,14781,116,127.42241379310344,0.14781,0,1
223_LTDB_id_8_Medical_tr_4456_1st_4556.csv,100000,16159,100,161.59,0.16159,0,1
224_LTDB_id_9_Medical_tr_4456_1st_4556.csv,100000,16159,100,161.59,0.16159,0,1
225_MGAB_id_1_Synthetic_tr_25000_1st_38478.csv,100000,200,10,20.0,0.002,0,1
226_MGAB_id_2_Synthetic_tr_20000_1st_45134.csv,80000,140,7,20.0,0.00175,0,1
227_MGAB_id_3_Synthetic_tr_25000_1st_44340.csv,100000,200,10,20.0,0.002,0,1
228_MGAB_id_4_Synthetic_tr_25000_1st_38948.csv,100000,200,10,20.0,0.002,0,1
229_MGAB_id_5_Synthetic_tr_25000_1st_33098.csv,100000,200,10,20.0,0.002,0,1
230_MGAB_id_6_Synthetic_tr_25000_1st_42441.csv,100000,200,10,20.0,0.002,0,1
231_MGAB_id_7_Synthetic_tr_25000_1st_35544.csv,100000,200,10,20.0,0.002,0,1
232_MGAB_id_8_Synthetic_tr_25000_1st_32708.csv,100000,200,10,20.0,0.002,0,1
233_MGAB_id_9_Synthetic_tr_25000_1st_41300.csv,100000,200,10,20.0,0.002,0,1
234_SED_id_1_Medical_tr_3740_1st_3840.csv,19999,960,15,64.0,0.048002400120006,0,1
235_SED_id_2_Medical_tr_2499_1st_3840.csv,9999,384,6,64.0,0.03840384038403841,0,1
236_SED_id_3_Medical_tr_3740_1st_3840.csv,39999,1472,23,64.0,0.036800920023000575,0,1
237_SVDB_id_1_Medical_tr_11587_1st_11687.csv,130400,9852,12,821.0,0.0755521472392638,0,1
238_SVDB_id_2_Medical_tr_25000_1st_71963.csv,100000,676,1,676.0,0.00676,0,1
239_SVDB_id_3_Medical_tr_50000_1st_106634.csv,230400,3503,13,269.46153846153845,0.015203993055555556,0,1
240_SVDB_id_4_Medical_tr_18462_1st_18562.csv,130400,6004,34,176.58823529411765,0.046042944785276076,0,1
241_SVDB_id_5_Medical_tr_11587_1st_11687.csv,130400,9852,12,821.0,0.0755521472392638,0,1
242_SVDB_id_6_Medical_tr_10726_1st_10826.csv,180400,2856,26,109.84615384615384,0.015831485587583148,0,1
243_SVDB_id_7_Medical_tr_11393_1st_11493.csv,180400,5547,32,173.34375,0.030748337028824832,0,1
244_SVDB_id_8_Medical_tr_17803_1st_17903.csv,130400,3941,25,157.64,0.030222392638036808,0,1
245_SVDB_id_9_Medical_tr_12607_1st_12707.csv,180400,14891,150,99.27333333333333,0.08254434589800444,0,1
246_SVDB_id_10_Medical_tr_20100_1st_68460.csv,80400,535,5,107.0,0.006654228855721393,0,1
247_SVDB_id_11_Medical_tr_20100_1st_23611.csv,80400,945,8,118.125,0.011753731343283582,0,1
248_SVDB_id_12_Medical_tr_18462_1st_18562.csv,130400,6004,34,176.58823529411765,0.046042944785276076,0,1
249_SVDB_id_13_Medical_tr_50000_1st_54982.csv,230400,8578,57,150.49122807017545,0.037230902777777776,0,1
250_SVDB_id_14_Medical_tr_50000_1st_107354.csv,230400,6469,6,1078.1666666666667,0.028077256944444445,0,1
251_SVDB_id_15_Medical_tr_5421_1st_5521.csv,230400,12809,83,154.32530120481928,0.05559461805555556,0,1
252_SVDB_id_16_Medical_tr_12167_1st_12267.csv,230400,6151,61,100.8360655737705,0.02669704861111111,0,1
253_SVDB_id_17_Medical_tr_17803_1st_17903.csv,130400,3941,25,157.64,0.030222392638036808,0,1
254_SVDB_id_18_Medical_tr_30824_1st_30924.csv,230400,7847,42,186.83333333333334,0.034058159722222224,0,1
255_SVDB_id_19_Medical_tr_50000_1st_54982.csv,230400,8578,57,150.49122807017545,0.037230902777777776,0,1
256_SVDB_id_20_Medical_tr_6264_1st_6364.csv,230400,7464,45,165.86666666666667,0.03239583333333333,0,1
257_TAO_id_1_Environment_tr_500_1st_3.csv,10000,954,849,1.1236749116607774,0.0954,1,1
258_TAO_id_2_Environment_tr_500_1st_4.csv,10000,1380,1199,1.1509591326105089,0.138,1,1
259_TAO_id_3_Environment_tr_500_1st_7.csv,10000,488,468,1.0427350427350428,0.0488,1,1
260_IOPS_id_1_WebService_tr_5000_1st_11804.csv,20000,14,1,14.0,0.0007,0,1
261_IOPS_id_2_WebService_tr_2178_1st_2278.csv,8784,6,2,3.0,0.0006830601092896175,0,1
262_IOPS_id_3_WebService_tr_7028_1st_7128.csv,125135,2704,46,58.78260869565217,0.02160866264434411,0,1
263_IOPS_id_4_WebService_tr_3482_1st_3582.csv,149123,790,56,14.107142857142858,0.005297640203053855,0,1
264_IOPS_id_5_WebService_tr_11665_1st_11765.csv,60000,901,3,300.3333333333333,0.015016666666666666,0,1
265_IOPS_id_6_WebService_tr_6453_1st_6553.csv,128787,105,11,9.545454545454545,0.0008152996808684106,0,1
266_IOPS_id_7_WebService_tr_4010_1st_4110.csv,89155,1456,53,27.471698113207548,0.016331108743200044,0,1
267_IOPS_id_8_WebService_tr_1534_1st_1882.csv,6138,53,5,10.6,0.008634734441186055,0,1
268_IOPS_id_9_WebService_tr_6216_1st_6316.csv,29133,1397,15,93.13333333333334,0.04795249373562627,0,1
269_IOPS_id_10_WebService_tr_1216_1st_1728.csv,4866,49,2,24.5,0.010069872585285656,0,1
270_IOPS_id_11_WebService_tr_5638_1st_5738.csv,60000,151,10,15.1,0.0025166666666666666,0,1
271_IOPS_id_12_WebService_tr_500_1st_341.csv,8784,116,10,11.6,0.013205828779599272,0,1
272_IOPS_id_13_WebService_tr_3442_1st_3542.csv,149156,633,56,11.303571428571429,0.004243878891898415,0,1
273_IOPS_id_14_WebService_tr_5569_1st_5669.csv,149122,761,53,14.358490566037736,0.005103204087928005,0,1
274_IOPS_id_15_WebService_tr_4591_1st_4691.csv,149132,6777,86,78.80232558139535,0.045442963280851865,0,1
275_IOPS_id_16_WebService_tr_1482_1st_1582.csv,8784,71,6,11.833333333333334,0.00808287795992714,0,1
276_IOPS_id_17_WebService_tr_19197_1st_19297.csv,91370,2576,20,128.8,0.028193061179818322,0,1
277_NEK_id_1_WebService_tr_500_1st_17.csv,1073,88,2,44.0,0.08201304753028892,0,1
278_NEK_id_2_WebService_tr_500_1st_64.csv,1073,65,6,10.833333333333334,0.06057781919850885,1,1
279_NEK_id_3_WebService_tr_500_1st_974.csv,1073,91,1,91.0,0.08480894687791239,0,1
280_NEK_id_4_WebService_tr_500_1st_231.csv,1073,57,4,14.25,0.05312208760484623,0,1
281_NEK_id_5_WebService_tr_500_1st_974.csv,1073,88,1,88.0,0.08201304753028892,0,1
282_NEK_id_6_WebService_tr_500_1st_64.csv,1073,63,7,9.0,0.05871388630009319,0,1
283_NEK_id_7_WebService_tr_500_1st_777.csv,1073,120,2,60.0,0.11183597390493942,0,1
284_NEK_id_8_WebService_tr_500_1st_976.csv,1073,89,1,89.0,0.08294501397949673,0,1
285_NEK_id_9_WebService_tr_500_1st_780.csv,1073,108,2,54.0,0.10065237651444547,0,1
286_CATSv2_id_1_Sensor_tr_17792_1st_17892.csv,300000,14800,19,778.9473684210526,0.04933333333333333,0,1
287_TODS_id_1_Synthetic_tr_500_1st_11.csv,5000,261,247,1.05668016194332,0.0522,1,1
288_TODS_id_2_Synthetic_tr_500_1st_65.csv,5000,338,112,3.017857142857143,0.0676,1,1
289_TODS_id_3_Synthetic_tr_500_1st_26.csv,5000,225,123,1.829268292682927,0.045,1,1
290_TODS_id_4_Synthetic_tr_500_1st_26.csv,5000,429,84,5.107142857142857,0.0858,1,1
291_TODS_id_5_Synthetic_tr_500_1st_11.csv,5000,261,247,1.05668016194332,0.0522,1,1
292_TODS_id_6_Synthetic_tr_500_1st_11.csv,5000,261,247,1.05668016194332,0.0522,1,1
293_TODS_id_7_Synthetic_tr_500_1st_7.csv,5000,251,24,10.458333333333334,0.0502,0,1
294_TODS_id_8_Synthetic_tr_500_1st_200.csv,5000,510,14,36.42857142857143,0.102,0,1
295_TODS_id_9_Synthetic_tr_1250_1st_2046.csv,5000,390,11,35.45454545454545,0.078,0,1
296_TODS_id_10_Synthetic_tr_500_1st_26.csv,5000,204,155,1.3161290322580645,0.0408,1,1
297_TODS_id_11_Synthetic_tr_500_1st_7.csv,5000,251,24,10.458333333333334,0.0502,0,1
298_TODS_id_12_Synthetic_tr_500_1st_0.csv,5000,324,60,5.4,0.0648,1,1
299_TODS_id_13_Synthetic_tr_500_1st_65.csv,5000,268,96,2.7916666666666665,0.0536,1,1
300_TODS_id_14_Synthetic_tr_1250_1st_2555.csv,5000,400,3,133.33333333333334,0.08,0,1
301_TODS_id_15_Synthetic_tr_500_1st_245.csv,5000,410,13,31.53846153846154,0.082,0,1
302_Power_id_1_Facility_tr_7685_1st_7785.csv,35040,3000,4,750.0,0.08561643835616438,0,1
303_UCR_id_1_Medical_tr_2499_1st_8000.csv,9998,25,1,25.0,0.002500500100020004,0,1
304_UCR_id_2_Medical_tr_2499_1st_7000.csv,9998,50,1,50.0,0.005001000200040008,0,1
305_UCR_id_3_Medical_tr_3000_1st_5948.csv,12000,45,1,45.0,0.00375,0,1
306_UCR_id_4_Medical_tr_2507_1st_8500.csv,10028,1,1,1.0,9.972078181092939e-05,1,0
307_UCR_id_5_Facility_tr_29895_1st_39240.csv,119580,96,1,96.0,0.0008028098344204717,0,1
308_UCR_id_6_Facility_tr_20000_1st_56600.csv,80001,300,1,300.0,0.00374995312558593,0,1
309_UCR_id_7_Medical_tr_3000_1st_5948.csv,12000,45,1,45.0,0.00375,0,1
310_UCR_id_8_HumanActivity_tr_2631_1st_8285.csv,10524,30,1,30.0,0.0028506271379703536,0,1
311_UCR_id_9_HumanActivity_tr_16000_1st_38400.csv,64000,800,1,800.0,0.0125,0,1
312_UCR_id_10_Facility_tr_19948_1st_52000.csv,79795,620,1,620.0,0.007769910395388182,0,1
313_UCR_id_11_Sensor_tr_2827_1st_4711.csv,11308,98,1,98.0,0.008666430845419171,0,1
314_UCR_id_12_HumanActivity_tr_16250_1st_38500.csv,65000,300,1,300.0,0.004615384615384616,0,1
315_UCR_id_13_HumanActivity_tr_16000_1st_33070.csv,64000,110,1,110.0,0.00171875,0,1
316_UCR_id_14_Sensor_tr_2833_1st_5988.csv,11334,97,1,97.0,0.008558320098817717,0,1
317_UCR_id_15_HumanActivity_tr_16000_1st_38400.csv,64000,800,1,800.0,0.0125,0,1
318_UCR_id_16_Medical_tr_2499_1st_7000.csv,9998,50,1,50.0,0.005001000200040008,0,1
319_UCR_id_17_Environment_tr_6166_1st_19280.csv,24667,160,1,160.0,0.00648639883244821,0,1
320_UCR_id_18_Medical_tr_2500_1st_7000.csv,10001,30,1,30.0,0.0029997000299970002,0,1
321_UCR_id_19_Medical_tr_1875_1st_4485.csv,7500,102,1,102.0,0.0136,0,1
322_UCR_id_20_Facility_tr_7482_1st_24005.csv,29931,72,1,72.0,0.0024055327252681166,0,1
323_UCR_id_21_HumanActivity_tr_48812_1st_128430.csv,195250,1,1,1.0,5.121638924455826e-06,1,0
324_UCR_id_22_Medical_tr_1875_1st_5865.csv,7501,109,1,109.0,0.014531395813891481,0,1
325_UCR_id_23_Medical_tr_3000_1st_6168.csv,12000,44,1,44.0,0.0036666666666666666,0,1
326_UCR_id_24_Medical_tr_1875_1st_4187.csv,7501,12,1,12.0,0.001599786695107319,0,1
327_UCR_id_25_Medical_tr_15000_1st_51370.csv,60000,370,1,370.0,0.006166666666666667,0,1
328_UCR_id_26_Medical_tr_1913_1st_3474.csv,7654,155,1,155.0,0.020250849229161223,0,1
329_UCR_id_27_Medical_tr_7500_1st_17210.csv,30001,50,1,50.0,0.0016666111129629013,0,1
330_UCR_id_28_Facility_tr_7482_1st_23405.csv,29931,72,1,72.0,0.0024055327252681166,0,1
331_UCR_id_29_Facility_tr_50000_1st_837400.csv,900000,1700,1,1700.0,0.001888888888888889,0,1
332_UCR_id_30_Facility_tr_13750_1st_52600.csv,55000,200,1,200.0,0.0036363636363636364,0,1
333_UCR_id_31_Facility_tr_7500_1st_13400.csv,30000,400,1,400.0,0.013333333333333334,0,1
334_UCR_id_32_HumanActivity_tr_1671_1st_2764.csv,6684,231,1,231.0,0.034560143626570915,0,1
335_UCR_id_33_Medical_tr_1875_1st_4526.csv,7501,30,1,30.0,0.003999466737768298,0,1
336_UCR_id_34_Facility_tr_32191_1st_124159.csv,128767,826,1,826.0,0.006414686992785418,0,1
337_UCR_id_35_HumanActivity_tr_50000_1st_110260.csv,200000,152,1,152.0,0.00076,0,1
338_UCR_id_36_Facility_tr_9000_1st_12400.csv,36001,400,1,400.0,0.011110802477708952,0,1
339_UCR_id_37_Sensor_tr_2750_1st_5400.csv,11000,200,1,200.0,0.01818181818181818,0,1
340_UCR_id_38_Facility_tr_32500_1st_114283.csv,130001,67,1,67.0,0.0005153806509180698,0,1
341_UCR_id_39_HumanActivity_tr_48812_1st_128430.csv,195250,1,1,1.0,5.121638924455826e-06,1,0
342_UCR_id_40_Medical_tr_7500_1st_17000.csv,30000,100,1,100.0,0.0033333333333333335,0,1
343_UCR_id_41_Facility_tr_14030_1st_52600.csv,56123,200,1,200.0,0.003563601375550131,0,1
344_UCR_id_42_Sensor_tr_2851_1st_5365.csv,11406,15,1,15.0,0.0013150973172014729,0,1
345_UCR_id_43_Facility_tr_25000_1st_44630.csv,100000,260,1,260.0,0.0026,0,1
346_UCR_id_44_Medical_tr_7456_1st_17390.csv,29826,130,1,130.0,0.004358613290417757,0,1
347_UCR_id_45_Sensor_tr_2851_1st_5365.csv,11406,15,1,15.0,0.0013150973172014729,0,1
348_UCR_id_46_Facility_tr_9000_1st_12400.csv,36001,400,1,400.0,0.011110802477708952,0,1
349_UCR_id_47_Facility_tr_29954_1st_74900.csv,119819,96,1,96.0,0.0008012084894716197,0,1
350_UCR_id_48_Facility_tr_7482_1st_23405.csv,29931,72,1,72.0,0.0024055327252681166,0,1
351_UCR_id_49_Medical_tr_7464_1st_12190.csv,29859,230,1,230.0,0.007702870156401755,0,1
352_UCR_id_50_HumanActivity_tr_48750_1st_110800.csv,195000,1,1,1.0,5.128205128205128e-06,1,0
353_UCR_id_51_Medical_tr_1875_1st_3198.csv,7500,111,1,111.0,0.0148,0,1
354_UCR_id_52_Facility_tr_7482_1st_18485.csv,29931,336,1,336.0,0.011225819384584544,0,1
355_UCR_id_53_HumanActivity_tr_48750_1st_143411.csv,195000,100,1,100.0,0.0005128205128205128,0,1
356_UCR_id_54_Medical_tr_7500_1st_16000.csv,30000,100,1,100.0,0.0033333333333333335,0,1
357_UCR_id_55_Facility_tr_12500_1st_46600.csv,50000,300,1,300.0,0.006,0,1
358_UCR_id_56_Facility_tr_10500_1st_29080.csv,42000,60,1,60.0,0.0014285714285714286,0,1
359_UCR_id_57_Medical_tr_1913_1st_3474.csv,7654,155,1,155.0,0.020250849229161223,0,1
360_UCR_id_58_Facility_tr_14030_1st_52600.csv,56123,200,1,200.0,0.003563601375550131,0,1
361_UCR_id_59_Medical_tr_3000_1st_7175.csv,12000,213,1,213.0,0.01775,0,1
362_UCR_id_60_HumanActivity_tr_16000_1st_31200.csv,64000,650,1,650.0,0.01015625,0,1
363_UCR_id_61_Medical_tr_7500_1st_16000.csv,30000,100,1,100.0,0.0033333333333333335,0,1
364_UCR_id_62_Sensor_tr_2833_1st_5988.csv,11334,97,1,97.0,0.008558320098817717,0,1
365_UCR_id_63_Facility_tr_50000_1st_210720.csv,299940,650,1,650.0,0.0021671000866840037,0,1
366_UCR_id_64_Medical_tr_2507_1st_8500.csv,10028,1,1,1.0,9.972078181092939e-05,1,0
367_UCR_id_65_Medical_tr_9567_1st_16000.csv,38269,100,1,100.0,0.0026130810839060338,0,1
368_UCR_id_66_Facility_tr_50000_1st_125720.csv,299690,650,1,650.0,0.0021689078714671826,0,1
369_UCR_id_67_Sensor_tr_2750_1st_5400.csv,11000,200,1,200.0,0.01818181818181818,0,1
370_UCR_id_68_Medical_tr_9625_1st_12240.csv,38501,68,1,68.0,0.0017661878912236047,0,1
371_UCR_id_69_Medical_tr_1853_1st_6200.csv,7415,170,1,170.0,0.022926500337154418,0,1
372_UCR_id_70_Medical_tr_7500_1st_17000.csv,30000,100,1,100.0,0.0033333333333333335,0,1
373_UCR_id_71_Sensor_tr_2827_1st_5988.csv,11308,97,1,97.0,0.008577997877608773,0,1
374_UCR_id_72_Medical_tr_2500_1st_7000.csv,10001,30,1,30.0,0.0029997000299970002,0,1
375_UCR_id_73_Medical_tr_47500_1st_123000.csv,190001,300,1,300.0,0.0015789390582154831,0,1
376_UCR_id_74_Medical_tr_7500_1st_17210.csv,30001,50,1,50.0,0.0016666111129629013,0,1
377_UCR_id_75_Medical_tr_1875_1st_6599.csv,7501,82,1,82.0,0.010931875749900012,0,1
378_UCR_id_76_Medical_tr_9594_1st_11111.csv,38379,100,1,100.0,0.002605591599572683,0,1
379_UCR_id_77_Facility_tr_32191_1st_124159.csv,128767,826,1,826.0,0.006414686992785418,0,1
380_UCR_id_78_Medical_tr_1830_1st_4675.csv,7321,358,1,358.0,0.048900423439420845,0,1
381_UCR_id_79_HumanActivity_tr_16000_1st_31200.csv,64000,650,1,650.0,0.01015625,0,1
382_UCR_id_80_Medical_tr_7500_1st_11800.csv,30000,300,1,300.0,0.01,0,1
383_UCR_id_81_Medical_tr_1875_1st_3198.csv,7500,111,1,111.0,0.0148,0,1
384_UCR_id_82_Facility_tr_50000_1st_884100.csv,900000,100,1,100.0,0.00011111111111111112,0,1
385_UCR_id_83_Environment_tr_2046_1st_6006.csv,8184,48,1,48.0,0.005865102639296188,0,1
386_UCR_id_84_Environment_tr_2046_1st_5703.csv,8184,24,1,24.0,0.002932551319648094,0,1
387_UCR_id_85_Environment_tr_2046_1st_5549.csv,8184,48,1,48.0,0.005865102639296188,0,1
388_UCR_id_86_Facility_tr_17500_1st_23355.csv,70001,45,1,45.0,0.0006428479593148669,0,1
389_UCR_id_87_Facility_tr_7482_1st_18485.csv,29931,336,1,336.0,0.011225819384584544,0,1
390_UCR_id_88_Medical_tr_7500_1st_17000.csv,30000,100,1,100.0,0.0033333333333333335,0,1
391_UCR_id_89_Medical_tr_1875_1st_5759.csv,7500,160,1,160.0,0.021333333333333333,0,1
392_UCR_id_90_HumanActivity_tr_48750_1st_130700.csv,195000,1180,1,1180.0,0.006051282051282051,0,1
393_UCR_id_91_Environment_tr_2046_1st_4852.csv,8184,48,1,48.0,0.005865102639296188,0,1
394_UCR_id_92_Medical_tr_9967_1st_28995.csv,39870,90,1,90.0,0.002257336343115124,0,1
395_UCR_id_93_Medical_tr_7516_1st_17390.csv,30066,130,1,130.0,0.004323820927293288,0,1
396_UCR_id_94_Medical_tr_1875_1st_5607.csv,7501,27,1,27.0,0.0035995200639914677,0,1
397_UCR_id_95_Medical_tr_1830_1st_4675.csv,7321,358,1,358.0,0.048900423439420845,0,1
398_UCR_id_96_Medical_tr_1913_1st_3474.csv,7654,155,1,155.0,0.020250849229161223,0,1
399_UCR_id_97_Facility_tr_19948_1st_52000.csv,79795,620,1,620.0,0.007769910395388182,0,1
400_UCR_id_98_Environment_tr_2046_1st_5391.csv,8184,1,1,1.0,0.00012218963831867058,1,0
401_UCR_id_99_HumanActivity_tr_1671_1st_5920.csv,6684,59,1,59.0,0.008827049670855775,0,1
402_UCR_id_100_Medical_tr_7500_1st_19510.csv,30000,100,1,100.0,0.0033333333333333335,0,1
403_UCR_id_101_Medical_tr_1875_1st_4187.csv,7501,12,1,12.0,0.001599786695107319,0,1
404_UCR_id_102_Facility_tr_13750_1st_52600.csv,55000,200,1,200.0,0.0036363636363636364,0,1
405_UCR_id_103_Sensor_tr_2827_1st_5988.csv,11308,97,1,97.0,0.008577997877608773,0,1
406_UCR_id_104_Facility_tr_20000_1st_67950.csv,80000,250,1,250.0,0.003125,0,1
407_UCR_id_105_Medical_tr_7500_1st_16900.csv,30000,200,1,200.0,0.006666666666666667,0,1
408_UCR_id_106_Medical_tr_9594_1st_11111.csv,38379,100,1,100.0,0.002605591599572683,0,1
409_UCR_id_107_Facility_tr_20000_1st_67950.csv,80000,250,1,250.0,0.003125,0,1
410_UCR_id_108_Medical_tr_1875_1st_4187.csv,7500,10,1,10.0,0.0013333333333333333,0,1
411_UCR_id_109_Environment_tr_2046_1st_4852.csv,8184,48,1,48.0,0.005865102639296188,0,1
412_UCR_id_110_Medical_tr_7500_1st_16900.csv,30000,200,1,200.0,0.006666666666666667,0,1
413_UCR_id_111_Facility_tr_12500_1st_46600.csv,50000,300,1,300.0,0.006,0,1
414_UCR_id_112_HumanActivity_tr_48750_1st_143411.csv,195000,100,1,100.0,0.0005128205128205128,0,1
415_UCR_id_113_Medical_tr_3000_1st_8612.csv,12000,104,1,104.0,0.008666666666666666,0,1
416_UCR_id_114_Medical_tr_50000_1st_91200.csv,211502,500,1,500.0,0.0023640438388289474,0,1
417_UCR_id_115_Sensor_tr_2750_1st_5400.csv,11000,200,1,200.0,0.01818181818181818,0,1
418_UCR_id_116_Facility_tr_10000_1st_35774.csv,40000,100,1,100.0,0.0025,0,1
419_UCR_id_117_Facility_tr_3000_1st_6168.csv,12000,44,1,44.0,0.0036666666666666666,0,1
420_UCR_id_118_Facility_tr_13750_1st_52600.csv,55000,200,1,200.0,0.0036363636363636364,0,1
421_UCR_id_119_HumanActivity_tr_48750_1st_130700.csv,195000,1180,1,1180.0,0.006051282051282051,0,1
422_UCR_id_120_Facility_tr_50000_1st_150720.csv,299690,650,1,650.0,0.0021689078714671826,0,1
423_UCR_id_121_Facility_tr_13750_1st_52600.csv,55000,200,1,200.0,0.0036363636363636364,0,1
424_UCR_id_122_Medical_tr_7464_1st_12190.csv,29859,230,1,230.0,0.007702870156401755,0,1
425_UCR_id_123_Medical_tr_16700_1st_16800.csv,200000,300,1,300.0,0.0015,0,1
426_UCR_id_124_Sensor_tr_2827_1st_4711.csv,11308,98,1,98.0,0.008666430845419171,0,1
427_UCR_id_125_Medical_tr_10403_1st_10995.csv,41612,33,1,33.0,0.0007930404690954532,0,1
428_UCR_id_126_Medical_tr_7487_1st_27862.csv,29950,70,1,70.0,0.002337228714524207,0,1
429_UCR_id_127_Medical_tr_14825_1st_29000.csv,59302,100,1,100.0,0.0016862837678324508,0,1
430_UCR_id_128_HumanActivity_tr_12500_1st_46500.csv,50000,300,1,300.0,0.006,0,1
431_UCR_id_129_Facility_tr_32500_1st_114283.csv,130001,67,1,67.0,0.0005153806509180698,0,1
432_UCR_id_130_Facility_tr_23000_1st_26970.csv,92000,300,1,300.0,0.003260869565217391,0,1
433_UCR_id_131_Facility_tr_50000_1st_106720.csv,299990,650,1,650.0,0.0021667388912963766,0,1
434_UCR_id_132_Medical_tr_14750_1st_57530.csv,59000,260,1,260.0,0.004406779661016949,0,1
435_UCR_id_133_Medical_tr_14750_1st_47830.csv,59000,20,1,20.0,0.00033898305084745765,0,1
436_UCR_id_134_Medical_tr_1875_1st_4526.csv,7501,30,1,30.0,0.003999466737768298,0,1
437_UCR_id_135_Medical_tr_2499_1st_8000.csv,9998,25,1,25.0,0.002500500100020004,0,1
438_UCR_id_136_Medical_tr_14750_1st_57960.csv,59000,10,1,10.0,0.00016949152542372882,0,1
439_UCR_id_137_HumanActivity_tr_48750_1st_110800.csv,195000,1,1,1.0,5.128205128205128e-06,1,0
440_UCR_id_138_Medical_tr_16700_1st_16800.csv,200000,300,1,300.0,0.0015,0,1
441_UCR_id_139_Facility_tr_7500_1st_13400.csv,30000,400,1,400.0,0.013333333333333334,0,1
442_UCR_id_140_Medical_tr_1875_1st_4187.csv,7501,12,1,12.0,0.001599786695107319,0,1
443_UCR_id_141_Medical_tr_7456_1st_17390.csv,29826,130,1,130.0,0.004358613290417757,0,1
444_UCR_id_142_Medical_tr_10336_1st_17001.csv,41347,15,1,15.0,0.000362783273272547,0,1
445_UCR_id_143_Environment_tr_6166_1st_19280.csv,24667,160,1,160.0,0.00648639883244821,0,1
446_UCR_id_144_Medical_tr_7500_1st_17000.csv,30000,100,1,100.0,0.0033333333333333335,0,1
447_UCR_id_145_Medical_tr_9625_1st_12240.csv,38501,68,1,68.0,0.0017661878912236047,0,1
448_UCR_id_146_Facility_tr_7482_1st_23357.csv,29931,360,1,360.0,0.012027663626340583,0,1
449_UCR_id_147_Sensor_tr_2847_1st_9330.csv,11388,10,1,10.0,0.0008781173164734809,0,1
450_UCR_id_148_Medical_tr_7500_1st_16900.csv,30000,200,1,200.0,0.006666666666666667,0,1
451_UCR_id_149_Medical_tr_3000_1st_7175.csv,12000,213,1,213.0,0.01775,0,1
452_UCR_id_150_Facility_tr_10000_1st_35774.csv,40000,100,1,100.0,0.0025,0,1
453_UCR_id_151_Facility_tr_32000_1st_67995.csv,128001,1,1,1.0,7.812438965320584e-06,1,0
454_UCR_id_152_Medical_tr_9625_1st_20950.csv,38501,150,1,150.0,0.0038960027012285396,0,1
455_UCR_id_153_Facility_tr_50000_1st_163632.csv,298340,1220,1,1220.0,0.004089294093986727,0,1
456_UCR_id_154_Facility_tr_22500_1st_72150.csv,90000,345,1,345.0,0.003833333333333333,0,1
457_UCR_id_155_Medical_tr_49999_1st_143000.csv,199999,300,1,300.0,0.0015000075000375002,0,1
458_UCR_id_156_Facility_tr_20000_1st_56600.csv,80001,300,1,300.0,0.00374995312558593,0,1
459_UCR_id_157_HumanActivity_tr_50000_1st_110260.csv,200000,152,1,152.0,0.00076,0,1
460_UCR_id_158_Medical_tr_7487_1st_27862.csv,29950,70,1,70.0,0.002337228714524207,0,1
461_UCR_id_159_Medical_tr_45096_1st_131200.csv,180386,500,1,500.0,0.0027718337343252803,0,1
462_UCR_id_160_Medical_tr_1853_1st_6200.csv,7415,170,1,170.0,0.022926500337154418,0,1
463_UCR_id_161_Environment_tr_2046_1st_6006.csv,8184,48,1,48.0,0.005865102639296188,0,1
464_UCR_id_162_Medical_tr_7487_1st_16390.csv,29950,30,1,30.0,0.001001669449081803,0,1
465_UCR_id_163_HumanActivity_tr_1671_1st_5920.csv,6684,59,1,59.0,0.008827049670855775,0,1
466_UCR_id_164_Medical_tr_1900_1st_5684.csv,7601,170,1,170.0,0.022365478226549138,0,1
467_UCR_id_165_Environment_tr_6166_1st_19280.csv,24667,160,1,160.0,0.00648639883244821,0,1
468_UCR_id_166_Facility_tr_10000_1st_35774.csv,40000,100,1,100.0,0.0025,0,1
469_UCR_id_167_Medical_tr_1875_1st_4187.csv,7500,10,1,10.0,0.0013333333333333333,0,1
470_UCR_id_168_Medical_tr_10447_1st_10998.csv,41790,30,1,30.0,0.0007178750897343862,0,1
471_UCR_id_169_Facility_tr_10000_1st_35774.csv,40000,100,1,100.0,0.0025,0,1
472_UCR_id_170_Facility_tr_32000_1st_67995.csv,128001,1,1,1.0,7.812438965320584e-06,1,0
473_UCR_id_171_HumanActivity_tr_2617_1st_7290.csv,10468,6,1,6.0,0.0005731753916698509,0,1
474_UCR_id_172_Environment_tr_2046_1st_6520.csv,8184,24,1,24.0,0.002932551319648094,0,1
475_UCR_id_173_Medical_tr_3000_1st_8612.csv,12000,104,1,104.0,0.008666666666666666,0,1
476_UCR_id_174_Facility_tr_50000_1st_64632.csv,299840,220,1,220.0,0.0007337246531483458,0,1
477_UCR_id_175_Medical_tr_7500_1st_17000.csv,30000,100,1,100.0,0.0033333333333333335,0,1
478_UCR_id_176_Medical_tr_7500_1st_17210.csv,30001,50,1,50.0,0.0016666111129629013,0,1
479_UCR_id_177_Medical_tr_2000_1st_7000.csv,8000,50,1,50.0,0.00625,0,1
480_UCR_id_178_Facility_tr_50000_1st_160720.csv,299890,650,1,650.0,0.0021674614025142553,0,1
481_UCR_id_179_Medical_tr_1900_1st_5684.csv,7601,170,1,170.0,0.022365478226549138,0,1
482_UCR_id_180_Medical_tr_7500_1st_16000.csv,30000,100,1,100.0,0.0033333333333333335,0,1
483_UCR_id_181_Medical_tr_2499_1st_6508.csv,9998,50,1,50.0,0.005001000200040008,0,1
484_UCR_id_182_Medical_tr_1875_1st_5759.csv,7500,160,1,160.0,0.021333333333333333,0,1
485_UCR_id_183_Medical_tr_7516_1st_17390.csv,30066,130,1,130.0,0.004323820927293288,0,1
486_UCR_id_184_Medical_tr_1875_1st_5607.csv,7501,27,1,27.0,0.0035995200639914677,0,1
487_UCR_id_185_Medical_tr_49938_1st_191200.csv,199753,500,1,500.0,0.002503091317777455,0,1
488_UCR_id_186_Medical_tr_7500_1st_16000.csv,30000,100,1,100.0,0.0033333333333333335,0,1
489_UCR_id_187_Medical_tr_1875_1st_4485.csv,7500,102,1,102.0,0.0136,0,1
490_UCR_id_188_Medical_tr_14750_1st_47530.csv,59000,260,1,260.0,0.004406779661016949,0,1
491_UCR_id_189_Facility_tr_32372_1st_114000.csv,129489,370,1,370.0,0.002857385569430608,0,1
492_UCR_id_190_HumanActivity_tr_12500_1st_46500.csv,50000,300,1,300.0,0.006,0,1
493_UCR_id_191_Sensor_tr_2847_1st_9330.csv,11388,10,1,10.0,0.0008781173164734809,0,1
494_UCR_id_192_Facility_tr_22500_1st_72150.csv,90000,345,1,345.0,0.003833333333333333,0,1
495_UCR_id_193_Environment_tr_2046_1st_6520.csv,8184,24,1,24.0,0.002932551319648094,0,1
496_UCR_id_194_Environment_tr_2046_1st_5391.csv,8184,1,1,1.0,0.00012218963831867058,1,0
497_UCR_id_195_Facility_tr_32372_1st_114000.csv,129489,370,1,370.0,0.002857385569430608,0,1
498_UCR_id_196_Medical_tr_15000_1st_51370.csv,60000,370,1,370.0,0.006166666666666667,0,1
499_UCR_id_197_Environment_tr_2046_1st_5703.csv,8184,24,1,24.0,0.002932551319648094,0,1
500_UCR_id_198_Facility_tr_7482_1st_23357.csv,29931,360,1,360.0,0.012027663626340583,0,1
501_UCR_id_199_Facility_tr_7482_1st_29480.csv,29931,24,1,24.0,0.0008018442417560389,0,1
502_UCR_id_200_Medical_tr_7487_1st_16390.csv,29950,30,1,30.0,0.001001669449081803,0,1
503_UCR_id_201_Facility_tr_50000_1st_593450.csv,897667,64,1,64.0,7.129592599482882e-05,0,1
504_UCR_id_202_Environment_tr_2046_1st_5549.csv,8184,48,1,48.0,0.005865102639296188,0,1
505_UCR_id_203_HumanActivity_tr_16000_1st_33070.csv,64000,110,1,110.0,0.00171875,0,1
506_UCR_id_204_Environment_tr_2046_1st_5549.csv,8184,48,1,48.0,0.005865102639296188,0,1
507_UCR_id_205_HumanActivity_tr_16000_1st_31200.csv,64000,650,1,650.0,0.01015625,0,1
508_UCR_id_206_Medical_tr_9567_1st_16000.csv,38269,100,1,100.0,0.0026130810839060338,0,1
509_UCR_id_207_Medical_tr_1875_1st_6599.csv,7501,82,1,82.0,0.010931875749900012,0,1
510_UCR_id_208_Facility_tr_50000_1st_126920.csv,300000,450,1,450.0,0.0015,0,1
511_UCR_id_209_Medical_tr_7500_1st_11800.csv,30000,300,1,300.0,0.01,0,1
512_UCR_id_210_HumanActivity_tr_1671_1st_2764.csv,6684,231,1,231.0,0.034560143626570915,0,1
513_UCR_id_211_Medical_tr_9967_1st_26929.csv,39870,60,1,60.0,0.0015048908954100827,0,1
514_UCR_id_212_Medical_tr_2499_1st_6508.csv,9998,50,1,50.0,0.005001000200040008,0,1
515_UCR_id_213_Medical_tr_10499_1st_15000.csv,41999,70,1,70.0,0.001666706350151194,0,1
516_UCR_id_214_HumanActivity_tr_2108_1st_4702.csv,8432,5,1,5.0,0.0005929791271347248,0,1
517_UCR_id_215_Facility_tr_7482_1st_24005.csv,29931,72,1,72.0,0.0024055327252681166,0,1
518_UCR_id_216_Medical_tr_9625_1st_20950.csv,38501,150,1,150.0,0.0038960027012285396,0,1
519_UCR_id_217_Medical_tr_7516_1st_17390.csv,30066,130,1,130.0,0.004323820927293288,0,1
520_UCR_id_218_Medical_tr_9567_1st_16000.csv,38269,100,1,100.0,0.0026130810839060338,0,1
521_UCR_id_219_Facility_tr_3000_1st_6527.csv,12000,118,1,118.0,0.009833333333333333,0,1
522_UCR_id_220_Medical_tr_10217_1st_27929.csv,40870,60,1,60.0,0.0014680694886224615,0,1
523_UCR_id_221_Facility_tr_3000_1st_6527.csv,12000,118,1,118.0,0.009833333333333333,0,1
524_UCR_id_222_Medical_tr_1875_1st_5865.csv,7501,109,1,109.0,0.014531395813891481,0,1
525_UCR_id_223_Facility_tr_50000_1st_250720.csv,299790,650,1,650.0,0.002168184395743687,0,1
526_UCR_id_224_Sensor_tr_2827_1st_4711.csv,11308,98,1,98.0,0.008666430845419171,0,1
527_UCR_id_225_Medical_tr_3000_1st_5948.csv,12000,45,1,45.0,0.00375,0,1
528_UCR_id_226_Medical_tr_7500_1st_17000.csv,30000,100,1,100.0,0.0033333333333333335,0,1
529_UCR_id_227_Facility_tr_19948_1st_52000.csv,79795,620,1,620.0,0.007769910395388182,0,1
530_UCR_id_228_HumanActivity_tr_16250_1st_38500.csv,65000,300,1,300.0,0.004615384615384616,0,1
531_SMAP_id_1_Sensor_tr_1811_1st_4510.csv,7244,81,1,81.0,0.011181667586968525,0,1
532_SMAP_id_2_Sensor_tr_2075_1st_5550.csv,8302,351,1,351.0,0.04227896892315105,0,1
533_SMAP_id_3_Sensor_tr_2052_1st_5300.csv,8209,1121,1,1121.0,0.13655743695943476,0,1
534_SMAP_id_4_Sensor_tr_1968_1st_4370.csv,7874,51,1,51.0,0.006477012954025908,0,1
535_SMAP_id_5_Sensor_tr_1113_1st_1890.csv,4453,41,1,41.0,0.009207275993712105,0,1
536_SMAP_id_6_Sensor_tr_2160_1st_5600.csv,8640,101,1,101.0,0.011689814814814814,0,1
537_SMAP_id_7_Sensor_tr_2077_1st_5394.csv,8310,281,1,281.0,0.03381468110709988,0,1
538_SMAP_id_8_Sensor_tr_2007_1st_3650.csv,8029,268,3,89.33333333333333,0.033379001120936606,0,1
539_SMAP_id_9_Sensor_tr_1857_1st_4270.csv,7431,61,1,61.0,0.008208854797470059,0,1
540_SMAP_id_10_Sensor_tr_2051_1st_4575.csv,8205,186,1,186.0,0.0226691042047532,0,1
541_SMAP_id_11_Sensor_tr_1832_1st_5300.csv,7331,448,1,448.0,0.06111035329422998,0,1
542_SMAP_id_12_Sensor_tr_1908_1st_4690.csv,7632,31,1,31.0,0.004061844863731656,0,1
543_SMAP_id_13_Sensor_tr_2020_1st_4550.csv,8080,111,1,111.0,0.013737623762376238,0,1
544_SMAP_id_14_Sensor_tr_1978_1st_4450.csv,7914,111,1,111.0,0.014025777103866566,0,1
545_SMAP_id_15_Sensor_tr_1173_1st_2750.csv,4693,51,1,51.0,0.010867249094395908,0,1
546_SMAP_id_16_Sensor_tr_2117_1st_4770.csv,8469,121,1,121.0,0.014287401109930334,0,1
547_SMAP_id_17_Sensor_tr_2133_1st_5400.csv,8532,623,1,623.0,0.07301922175339896,0,1
548_SMAP_id_18_Sensor_tr_2094_1st_5600.csv,8376,41,1,41.0,0.004894937917860554,0,1
549_SMAP_id_19_Sensor_tr_1998_1st_2098.csv,8579,184,2,92.0,0.021447721179624665,0,1
550_SWaT_id_1_Sensor_tr_43700_1st_43800.csv,419919,50653,27,1876.037037037037,0.12062564446952864,0,1
551_YAHOO_id_1_Synthetic_tr_500_1st_893.csv,1421,1,1,1.0,0.0007037297677691766,1,0
552_YAHOO_id_2_Synthetic_tr_500_1st_893.csv,1421,1,1,1.0,0.0007037297677691766,1,0
553_YAHOO_id_3_WebService_tr_500_1st_237.csv,1680,4,4,1.0,0.002380952380952381,1,0
554_YAHOO_id_4_Synthetic_tr_500_1st_658.csv,1421,4,2,2.0,0.0028149190710767065,0,1
555_YAHOO_id_5_WebService_tr_500_1st_730.csv,1680,4,4,1.0,0.002380952380952381,1,0
556_YAHOO_id_6_WebService_tr_500_1st_359.csv,1441,82,4,20.5,0.05690492713393477,1,1
557_YAHOO_id_7_WebService_tr_500_1st_770.csv,1424,227,3,75.66666666666667,0.15941011235955055,0,1
558_YAHOO_id_8_WebService_tr_500_1st_1125.csv,1427,80,2,40.0,0.05606166783461808,1,1
559_YAHOO_id_9_WebService_tr_500_1st_538.csv,1680,2,2,1.0,0.0011904761904761906,1,0
560_YAHOO_id_10_Synthetic_tr_500_1st_893.csv,1421,1,1,1.0,0.0007037297677691766,1,0
561_YAHOO_id_11_WebService_tr_500_1st_359.csv,1680,2,2,1.0,0.0011904761904761906,1,0
562_YAHOO_id_12_Synthetic_tr_500_1st_893.csv,1421,1,1,1.0,0.0007037297677691766,1,0
563_YAHOO_id_13_Synthetic_tr_500_1st_623.csv,1421,9,3,3.0,0.0063335679099225895,0,1
564_YAHOO_id_14_Synthetic_tr_500_1st_658.csv,1421,4,2,2.0,0.0028149190710767065,0,1
565_YAHOO_id_15_WebService_tr_500_1st_151.csv,1680,3,3,1.0,0.0017857142857142857,1,0
566_YAHOO_id_16_Synthetic_tr_500_1st_623.csv,1421,9,3,3.0,0.0063335679099225895,0,1
567_YAHOO_id_17_Synthetic_tr_500_1st_893.csv,1421,1,1,1.0,0.0007037297677691766,1,0
568_YAHOO_id_18_WebService_tr_500_1st_333.csv,1680,3,3,1.0,0.0017857142857142857,1,0
569_YAHOO_id_19_WebService_tr_500_1st_30.csv,1680,8,8,1.0,0.004761904761904762,1,0
570_YAHOO_id_20_Synthetic_tr_500_1st_658.csv,1421,4,2,2.0,0.0028149190710767065,0,1
571_YAHOO_id_21_Synthetic_tr_500_1st_623.csv,1421,9,3,3.0,0.0063335679099225895,0,1
572_YAHOO_id_22_WebService_tr_500_1st_377.csv,1680,13,13,1.0,0.007738095238095238,1,0
573_YAHOO_id_23_Synthetic_tr_500_1st_623.csv,1421,9,3,3.0,0.0063335679099225895,0,1
574_YAHOO_id_24_WebService_tr_500_1st_202.csv,1680,1,1,1.0,0.0005952380952380953,1,0
575_YAHOO_id_25_Synthetic_tr_500_1st_623.csv,1421,9,3,3.0,0.0063335679099225895,0,1
576_YAHOO_id_26_Synthetic_tr_500_1st_658.csv,1421,4,2,2.0,0.0028149190710767065,0,1
577_YAHOO_id_27_WebService_tr_500_1st_498.csv,1680,5,5,1.0,0.002976190476190476,1,0
578_YAHOO_id_28_Synthetic_tr_500_1st_623.csv,1421,9,3,3.0,0.0063335679099225895,0,1
579_YAHOO_id_29_WebService_tr_500_1st_1342.csv,1680,1,1,1.0,0.0005952380952380953,1,0
580_YAHOO_id_30_WebService_tr_500_1st_236.csv,1680,2,2,1.0,0.0011904761904761906,1,0
581_YAHOO_id_31_Synthetic_tr_500_1st_893.csv,1421,1,1,1.0,0.0007037297677691766,1,0
582_YAHOO_id_32_Synthetic_tr_500_1st_658.csv,1421,4,2,2.0,0.0028149190710767065,0,1
583_YAHOO_id_33_WebService_tr_500_1st_1616.csv,1680,1,1,1.0,0.0005952380952380953,1,0
584_YAHOO_id_34_Synthetic_tr_500_1st_658.csv,1421,4,2,2.0,0.0028149190710767065,0,1
585_YAHOO_id_35_WebService_tr_500_1st_577.csv,1680,3,3,1.0,0.0017857142857142857,1,0
586_YAHOO_id_36_WebService_tr_500_1st_398.csv,1680,1,1,1.0,0.0005952380952380953,1,0
587_YAHOO_id_37_Synthetic_tr_500_1st_623.csv,1421,9,3,3.0,0.0063335679099225895,0,1
588_YAHOO_id_38_Synthetic_tr_500_1st_658.csv,1421,4,2,2.0,0.0028149190710767065,0,1
589_YAHOO_id_39_WebService_tr_500_1st_10.csv,1680,14,14,1.0,0.008333333333333333,1,0
590_YAHOO_id_40_Synthetic_tr_500_1st_658.csv,1421,4,2,2.0,0.0028149190710767065,0,1
591_YAHOO_id_41_WebService_tr_500_1st_139.csv,1680,12,12,1.0,0.007142857142857143,1,0
592_YAHOO_id_42_WebService_tr_500_1st_28.csv,1680,4,4,1.0,0.002380952380952381,1,0
593_YAHOO_id_43_WebService_tr_500_1st_75.csv,1680,7,7,1.0,0.004166666666666667,1,0
594_YAHOO_id_44_WebService_tr_500_1st_599.csv,1427,4,3,1.3333333333333333,0.002803083391730904,1,1
595_YAHOO_id_45_WebService_tr_500_1st_248.csv,1680,6,6,1.0,0.0035714285714285713,1,0
596_YAHOO_id_46_WebService_tr_500_1st_666.csv,1680,4,4,1.0,0.002380952380952381,1,0
597_YAHOO_id_47_Synthetic_tr_500_1st_623.csv,1421,9,3,3.0,0.0063335679099225895,0,1
598_YAHOO_id_48_Synthetic_tr_500_1st_658.csv,1421,4,2,2.0,0.0028149190710767065,0,1
599_YAHOO_id_49_WebService_tr_500_1st_653.csv,1461,8,4,2.0,0.0054757015742642025,1,1
600_YAHOO_id_50_Synthetic_tr_500_1st_658.csv,1421,4,2,2.0,0.0028149190710767065,0,1
601_YAHOO_id_51_Synthetic_tr_500_1st_893.csv,1421,1,1,1.0,0.0007037297677691766,1,0
602_YAHOO_id_52_WebService_tr_500_1st_595.csv,1680,4,4,1.0,0.002380952380952381,1,0
603_YAHOO_id_53_Synthetic_tr_500_1st_893.csv,1421,1,1,1.0,0.0007037297677691766,1,0
604_YAHOO_id_54_WebService_tr_500_1st_116.csv,1680,10,9,1.1111111111111112,0.005952380952380952,1,1
605_YAHOO_id_55_Synthetic_tr_500_1st_893.csv,1421,1,1,1.0,0.0007037297677691766,1,0
606_YAHOO_id_56_Synthetic_tr_500_1st_623.csv,1421,9,3,3.0,0.0063335679099225895,0,1
607_YAHOO_id_57_WebService_tr_500_1st_426.csv,1680,13,12,1.0833333333333333,0.007738095238095238,1,1
608_YAHOO_id_58_WebService_tr_500_1st_72.csv,1680,14,14,1.0,0.008333333333333333,1,0
609_YAHOO_id_59_WebService_tr_500_1st_17.csv,1680,12,12,1.0,0.007142857142857143,1,0
610_YAHOO_id_60_WebService_tr_500_1st_878.csv,1680,1,1,1.0,0.0005952380952380953,1,0
611_YAHOO_id_61_Synthetic_tr_500_1st_623.csv,1421,9,3,3.0,0.0063335679099225895,0,1
612_YAHOO_id_62_WebService_tr_500_1st_97.csv,1680,16,16,1.0,0.009523809523809525,1,0
613_YAHOO_id_63_Synthetic_tr_500_1st_623.csv,1421,9,3,3.0,0.0063335679099225895,0,1
614_YAHOO_id_64_WebService_tr_500_1st_1204.csv,1434,34,2,17.0,0.023709902370990237,0,1
615_YAHOO_id_65_WebService_tr_500_1st_348.csv,1439,2,1,2.0,0.001389854065323141,0,1
616_YAHOO_id_66_Synthetic_tr_500_1st_623.csv,1421,9,3,3.0,0.0063335679099225895,0,1
617_YAHOO_id_67_Synthetic_tr_500_1st_893.csv,1421,1,1,1.0,0.0007037297677691766,1,0
618_YAHOO_id_68_Synthetic_tr_500_1st_893.csv,1421,1,1,1.0,0.0007037297677691766,1,0
619_YAHOO_id_69_WebService_tr_500_1st_8.csv,1680,8,8,1.0,0.004761904761904762,1,0
620_YAHOO_id_70_Synthetic_tr_500_1st_658.csv,1421,4,2,2.0,0.0028149190710767065,0,1
621_YAHOO_id_71_WebService_tr_500_1st_721.csv,1680,2,2,1.0,0.0011904761904761906,1,0
622_YAHOO_id_72_WebService_tr_500_1st_421.csv,1461,5,2,2.5,0.0034223134839151265,1,1
623_YAHOO_id_73_WebService_tr_500_1st_117.csv,1680,15,15,1.0,0.008928571428571428,1,0
624_YAHOO_id_74_Synthetic_tr_500_1st_893.csv,1421,1,1,1.0,0.0007037297677691766,1,0
625_YAHOO_id_75_Synthetic_tr_500_1st_658.csv,1421,4,2,2.0,0.0028149190710767065,0,1
626_YAHOO_id_76_WebService_tr_500_1st_883.csv,1420,10,3,3.3333333333333335,0.007042253521126761,1,1
627_YAHOO_id_77_Synthetic_tr_500_1st_623.csv,1421,9,3,3.0,0.0063335679099225895,0,1
628_YAHOO_id_78_WebService_tr_500_1st_147.csv,1680,11,11,1.0,0.006547619047619048,1,0
629_YAHOO_id_79_WebService_tr_500_1st_222.csv,1680,12,12,1.0,0.007142857142857143,1,0
630_YAHOO_id_80_WebService_tr_500_1st_631.csv,1680,5,5,1.0,0.002976190476190476,1,0
631_YAHOO_id_81_WebService_tr_500_1st_96.csv,1680,8,8,1.0,0.004761904761904762,1,0
632_YAHOO_id_82_Synthetic_tr_500_1st_658.csv,1421,4,2,2.0,0.0028149190710767065,0,1
633_YAHOO_id_83_WebService_tr_500_1st_223.csv,1680,5,5,1.0,0.002976190476190476,1,0
634_YAHOO_id_84_Synthetic_tr_500_1st_658.csv,1421,4,2,2.0,0.0028149190710767065,0,1
635_YAHOO_id_85_Synthetic_tr_500_1st_658.csv,1421,4,2,2.0,0.0028149190710767065,0,1
636_YAHOO_id_86_WebService_tr_500_1st_20.csv,1680,9,9,1.0,0.005357142857142857,1,0
637_YAHOO_id_87_WebService_tr_500_1st_338.csv,1680,7,7,1.0,0.004166666666666667,1,0
638_YAHOO_id_88_Synthetic_tr_500_1st_893.csv,1421,1,1,1.0,0.0007037297677691766,1,0
639_YAHOO_id_89_Synthetic_tr_500_1st_893.csv,1421,1,1,1.0,0.0007037297677691766,1,0
640_YAHOO_id_90_WebService_tr_500_1st_18.csv,1680,16,16,1.0,0.009523809523809525,1,0
641_YAHOO_id_91_WebService_tr_500_1st_149.csv,1680,10,10,1.0,0.005952380952380952,1,0
642_YAHOO_id_92_WebService_tr_500_1st_433.csv,1680,5,5,1.0,0.002976190476190476,1,0
643_YAHOO_id_93_WebService_tr_500_1st_1038.csv,1680,1,1,1.0,0.0005952380952380953,1,0
644_YAHOO_id_94_WebService_tr_500_1st_1078.csv,1435,75,5,15.0,0.05226480836236934,1,1
645_YAHOO_id_95_WebService_tr_500_1st_1047.csv,1680,1,1,1.0,0.0005952380952380953,1,0
646_YAHOO_id_96_WebService_tr_500_1st_121.csv,1680,9,9,1.0,0.005357142857142857,1,0
647_YAHOO_id_97_Synthetic_tr_500_1st_658.csv,1421,4,2,2.0,0.0028149190710767065,0,1
648_YAHOO_id_98_WebService_tr_500_1st_731.csv,1680,2,2,1.0,0.0011904761904761906,1,0
649_YAHOO_id_99_WebService_tr_500_1st_1386.csv,1680,1,1,1.0,0.0005952380952380953,1,0
650_YAHOO_id_100_Synthetic_tr_500_1st_623.csv,1421,9,3,3.0,0.0063335679099225895,0,1
651_YAHOO_id_101_WebService_tr_500_1st_103.csv,1680,6,6,1.0,0.0035714285714285713,1,0
652_YAHOO_id_102_WebService_tr_500_1st_174.csv,1680,14,14,1.0,0.008333333333333333,1,0
653_YAHOO_id_103_WebService_tr_500_1st_443.csv,1680,3,3,1.0,0.0017857142857142857,1,0
654_YAHOO_id_104_WebService_tr_500_1st_20.csv,1680,10,10,1.0,0.005952380952380952,1,0
655_YAHOO_id_105_WebService_tr_500_1st_17.csv,1680,14,13,1.0769230769230769,0.008333333333333333,1,1
656_YAHOO_id_106_Synthetic_tr_500_1st_658.csv,1421,4,2,2.0,0.0028149190710767065,0,1
657_YAHOO_id_107_WebService_tr_500_1st_1260.csv,1440,1,1,1.0,0.0006944444444444445,1,0
658_YAHOO_id_108_Synthetic_tr_500_1st_893.csv,1421,1,1,1.0,0.0007037297677691766,1,0
659_YAHOO_id_109_Synthetic_tr_500_1st_623.csv,1421,9,3,3.0,0.0063335679099225895,0,1
660_YAHOO_id_110_WebService_tr_500_1st_307.csv,1680,4,4,1.0,0.002380952380952381,1,0
661_YAHOO_id_111_WebService_tr_500_1st_279.csv,1680,9,9,1.0,0.005357142857142857,1,0
662_YAHOO_id_112_WebService_tr_500_1st_361.csv,1680,7,7,1.0,0.004166666666666667,1,0
663_YAHOO_id_113_Synthetic_tr_500_1st_658.csv,1421,4,2,2.0,0.0028149190710767065,0,1
664_YAHOO_id_114_Synthetic_tr_500_1st_658.csv,1421,4,2,2.0,0.0028149190710767065,0,1
665_YAHOO_id_115_WebService_tr_500_1st_28.csv,1680,15,15,1.0,0.008928571428571428,1,0
666_YAHOO_id_116_Synthetic_tr_500_1st_893.csv,1421,1,1,1.0,0.0007037297677691766,1,0
667_YAHOO_id_117_WebService_tr_500_1st_421.csv,1461,3,1,3.0,0.002053388090349076,0,1
668_YAHOO_id_118_WebService_tr_500_1st_112.csv,1680,12,12,1.0,0.007142857142857143,1,0
669_YAHOO_id_119_WebService_tr_500_1st_21.csv,1680,11,11,1.0,0.006547619047619048,1,0
670_YAHOO_id_120_WebService_tr_500_1st_221.csv,1680,15,15,1.0,0.008928571428571428,1,0
671_YAHOO_id_121_Synthetic_tr_500_1st_658.csv,1421,4,2,2.0,0.0028149190710767065,0,1
672_YAHOO_id_122_WebService_tr_500_1st_857.csv,1680,1,1,1.0,0.0005952380952380953,1,0
673_YAHOO_id_123_Synthetic_tr_500_1st_893.csv,1421,1,1,1.0,0.0007037297677691766,1,0
674_YAHOO_id_124_WebService_tr_500_1st_514.csv,1439,2,1,2.0,0.001389854065323141,0,1
675_YAHOO_id_125_Synthetic_tr_500_1st_623.csv,1421,9,3,3.0,0.0063335679099225895,0,1
676_YAHOO_id_126_Synthetic_tr_500_1st_623.csv,1421,9,3,3.0,0.0063335679099225895,0,1
677_YAHOO_id_127_WebService_tr_500_1st_46.csv,1680,13,13,1.0,0.007738095238095238,1,0
678_YAHOO_id_128_WebService_tr_500_1st_665.csv,1680,3,3,1.0,0.0017857142857142857,1,0
679_YAHOO_id_129_WebService_tr_500_1st_428.csv,1680,3,3,1.0,0.0017857142857142857,1,0
680_YAHOO_id_130_Synthetic_tr_500_1st_893.csv,1421,1,1,1.0,0.0007037297677691766,1,0
681_YAHOO_id_131_Synthetic_tr_500_1st_658.csv,1421,4,2,2.0,0.0028149190710767065,0,1
682_YAHOO_id_132_WebService_tr_500_1st_354.csv,1680,10,9,1.1111111111111112,0.005952380952380952,1,1
683_YAHOO_id_133_WebService_tr_500_1st_36.csv,1680,14,14,1.0,0.008333333333333333,1,0
684_YAHOO_id_134_Synthetic_tr_500_1st_623.csv,1421,9,3,3.0,0.0063335679099225895,0,1
685_YAHOO_id_135_WebService_tr_500_1st_121.csv,1680,16,16,1.0,0.009523809523809525,1,0
686_YAHOO_id_136_WebService_tr_500_1st_755.csv,1680,5,5,1.0,0.002976190476190476,1,0
687_YAHOO_id_137_WebService_tr_500_1st_89.csv,1680,15,15,1.0,0.008928571428571428,1,0
688_YAHOO_id_138_WebService_tr_500_1st_482.csv,1680,3,3,1.0,0.0017857142857142857,1,0
689_YAHOO_id_139_WebService_tr_500_1st_1073.csv,1680,1,1,1.0,0.0005952380952380953,1,0
690_YAHOO_id_140_WebService_tr_500_1st_696.csv,1680,7,7,1.0,0.004166666666666667,1,0
691_YAHOO_id_141_WebService_tr_500_1st_57.csv,1680,16,16,1.0,0.009523809523809525,1,0
692_YAHOO_id_142_WebService_tr_500_1st_294.csv,1680,13,13,1.0,0.007738095238095238,1,0
693_YAHOO_id_143_WebService_tr_500_1st_1003.csv,1427,2,2,1.0,0.001401541695865452,1,0
694_YAHOO_id_144_Synthetic_tr_500_1st_658.csv,1421,4,2,2.0,0.0028149190710767065,0,1
695_YAHOO_id_145_Synthetic_tr_500_1st_658.csv,1421,4,2,2.0,0.0028149190710767065,0,1
696_YAHOO_id_146_Synthetic_tr_500_1st_893.csv,1421,1,1,1.0,0.0007037297677691766,1,0
697_YAHOO_id_147_WebService_tr_500_1st_225.csv,1680,12,12,1.0,0.007142857142857143,1,0
698_YAHOO_id_148_WebService_tr_500_1st_186.csv,1680,13,13,1.0,0.007738095238095238,1,0
699_YAHOO_id_149_WebService_tr_500_1st_99.csv,1680,2,2,1.0,0.0011904761904761906,1,0
700_YAHOO_id_150_WebService_tr_500_1st_82.csv,1680,15,15,1.0,0.008928571428571428,1,0
701_YAHOO_id_151_Synthetic_tr_500_1st_893.csv,1421,1,1,1.0,0.0007037297677691766,1,0
702_YAHOO_id_152_WebService_tr_500_1st_8.csv,1680,15,15,1.0,0.008928571428571428,1,0
703_YAHOO_id_153_Synthetic_tr_500_1st_623.csv,1421,9,3,3.0,0.0063335679099225895,0,1
704_YAHOO_id_154_WebService_tr_500_1st_541.csv,1422,33,3,11.0,0.023206751054852322,0,1
705_YAHOO_id_155_WebService_tr_500_1st_1279.csv,1420,6,2,3.0,0.004225352112676056,1,1
706_YAHOO_id_156_WebService_tr_500_1st_201.csv,1680,16,16,1.0,0.009523809523809525,1,0
707_YAHOO_id_157_WebService_tr_500_1st_137.csv,1680,15,15,1.0,0.008928571428571428,1,0
708_YAHOO_id_158_WebService_tr_500_1st_165.csv,1680,3,3,1.0,0.0017857142857142857,1,0
709_YAHOO_id_159_WebService_tr_500_1st_481.csv,1680,3,3,1.0,0.0017857142857142857,1,0
710_YAHOO_id_160_WebService_tr_500_1st_253.csv,1680,6,6,1.0,0.0035714285714285713,1,0
711_YAHOO_id_161_WebService_tr_500_1st_137.csv,1680,5,5,1.0,0.002976190476190476,1,0
712_YAHOO_id_162_WebService_tr_500_1st_88.csv,1680,8,8,1.0,0.004761904761904762,1,0
713_YAHOO_id_163_WebService_tr_500_1st_66.csv,1680,10,10,1.0,0.005952380952380952,1,0
714_YAHOO_id_164_WebService_tr_500_1st_1.csv,1680,10,10,1.0,0.005952380952380952,1,0
715_YAHOO_id_165_Synthetic_tr_500_1st_658.csv,1421,4,2,2.0,0.0028149190710767065,0,1
716_YAHOO_id_166_WebService_tr_500_1st_540.csv,1680,4,4,1.0,0.002380952380952381,1,0
717_YAHOO_id_167_WebService_tr_500_1st_84.csv,1680,7,7,1.0,0.004166666666666667,1,0
718_YAHOO_id_168_WebService_tr_500_1st_263.csv,1680,13,13,1.0,0.007738095238095238,1,0
719_YAHOO_id_169_WebService_tr_500_1st_852.csv,1680,6,6,1.0,0.0035714285714285713,1,0
720_YAHOO_id_170_WebService_tr_500_1st_3.csv,1680,16,16,1.0,0.009523809523809525,1,0
721_YAHOO_id_171_Synthetic_tr_500_1st_893.csv,1421,1,1,1.0,0.0007037297677691766,1,0
722_YAHOO_id_172_WebService_tr_500_1st_353.csv,1461,17,4,4.25,0.01163586584531143,1,1
723_YAHOO_id_173_WebService_tr_500_1st_1214.csv,1420,2,2,1.0,0.0014084507042253522,1,0
724_YAHOO_id_174_WebService_tr_500_1st_1030.csv,1680,5,5,1.0,0.002976190476190476,1,0
725_YAHOO_id_175_Synthetic_tr_500_1st_623.csv,1421,9,3,3.0,0.0063335679099225895,0,1
726_YAHOO_id_176_WebService_tr_500_1st_221.csv,1680,15,15,1.0,0.008928571428571428,1,0
727_YAHOO_id_177_WebService_tr_500_1st_82.csv,1680,16,16,1.0,0.009523809523809525,1,0
728_YAHOO_id_178_WebService_tr_500_1st_68.csv,1680,9,9,1.0,0.005357142857142857,1,0
729_YAHOO_id_179_WebService_tr_500_1st_559.csv,1680,6,6,1.0,0.0035714285714285713,1,0
730_YAHOO_id_180_Synthetic_tr_500_1st_623.csv,1421,9,3,3.0,0.0063335679099225895,0,1
731_YAHOO_id_181_Synthetic_tr_500_1st_623.csv,1421,9,3,3.0,0.0063335679099225895,0,1
732_YAHOO_id_182_Synthetic_tr_500_1st_658.csv,1421,4,2,2.0,0.0028149190710767065,0,1
733_YAHOO_id_183_WebService_tr_500_1st_447.csv,1461,16,5,3.2,0.010951403148528405,1,1
734_YAHOO_id_184_WebService_tr_500_1st_768.csv,1424,227,3,75.66666666666667,0.15941011235955055,0,1
735_YAHOO_id_185_WebService_tr_500_1st_20.csv,1680,5,5,1.0,0.002976190476190476,1,0
736_YAHOO_id_186_Synthetic_tr_500_1st_623.csv,1421,9,3,3.0,0.0063335679099225895,0,1
737_YAHOO_id_187_WebService_tr_500_1st_230.csv,1680,6,6,1.0,0.0035714285714285713,1,0
738_YAHOO_id_188_WebService_tr_500_1st_26.csv,1680,7,7,1.0,0.004166666666666667,1,0
739_YAHOO_id_189_Synthetic_tr_500_1st_893.csv,1421,1,1,1.0,0.0007037297677691766,1,0
740_YAHOO_id_190_WebService_tr_500_1st_0.csv,1680,11,11,1.0,0.006547619047619048,1,0
741_YAHOO_id_191_WebService_tr_500_1st_1114.csv,1680,2,2,1.0,0.0011904761904761906,1,0
742_YAHOO_id_192_Synthetic_tr_500_1st_658.csv,1421,4,2,2.0,0.0028149190710767065,0,1
743_YAHOO_id_193_WebService_tr_500_1st_133.csv,1680,13,13,1.0,0.007738095238095238,1,0
744_YAHOO_id_194_Synthetic_tr_500_1st_658.csv,1421,4,2,2.0,0.0028149190710767065,0,1
745_YAHOO_id_195_WebService_tr_500_1st_326.csv,1680,11,11,1.0,0.006547619047619048,1,0
746_YAHOO_id_196_WebService_tr_500_1st_413.csv,1680,4,4,1.0,0.002380952380952381,1,0
747_YAHOO_id_197_Synthetic_tr_500_1st_893.csv,1421,1,1,1.0,0.0007037297677691766,1,0
748_YAHOO_id_198_WebService_tr_500_1st_170.csv,1680,3,3,1.0,0.0017857142857142857,1,0
749_YAHOO_id_199_WebService_tr_500_1st_136.csv,1680,7,7,1.0,0.004166666666666667,1,0
750_YAHOO_id_200_WebService_tr_500_1st_591.csv,1427,10,5,2.0,0.00700770847932726,1,1
751_YAHOO_id_201_WebService_tr_500_1st_142.csv,1439,12,3,4.0,0.008339124391938846,0,1
752_YAHOO_id_202_WebService_tr_500_1st_95.csv,1680,12,12,1.0,0.007142857142857143,1,0
753_YAHOO_id_203_WebService_tr_500_1st_6.csv,1680,14,14,1.0,0.008333333333333333,1,0
754_YAHOO_id_204_WebService_tr_500_1st_28.csv,1680,11,11,1.0,0.006547619047619048,1,0
755_YAHOO_id_205_Synthetic_tr_500_1st_893.csv,1421,1,1,1.0,0.0007037297677691766,1,0
756_YAHOO_id_206_WebService_tr_500_1st_55.csv,1680,12,12,1.0,0.007142857142857143,1,0
757_YAHOO_id_207_WebService_tr_500_1st_33.csv,1680,5,5,1.0,0.002976190476190476,1,0
758_YAHOO_id_208_WebService_tr_500_1st_24.csv,1680,13,13,1.0,0.007738095238095238,1,0
759_YAHOO_id_209_WebService_tr_500_1st_189.csv,1680,13,13,1.0,0.007738095238095238,1,0
760_YAHOO_id_210_WebService_tr_500_1st_23.csv,1680,6,6,1.0,0.0035714285714285713,1,0
761_YAHOO_id_211_WebService_tr_500_1st_7.csv,1680,14,14,1.0,0.008333333333333333,1,0
762_YAHOO_id_212_WebService_tr_500_1st_1055.csv,1680,2,2,1.0,0.0011904761904761906,1,0
763_YAHOO_id_213_WebService_tr_500_1st_43.csv,1680,13,13,1.0,0.007738095238095238,1,0
764_YAHOO_id_214_WebService_tr_500_1st_599.csv,1427,9,3,3.0,0.006306937631394534,1,1
765_YAHOO_id_215_WebService_tr_500_1st_92.csv,1680,12,12,1.0,0.007142857142857143,1,0
766_YAHOO_id_216_WebService_tr_500_1st_114.csv,1440,32,3,10.666666666666666,0.022222222222222223,0,1
767_YAHOO_id_217_Synthetic_tr_500_1st_658.csv,1421,4,2,2.0,0.0028149190710767065,0,1
768_YAHOO_id_218_WebService_tr_500_1st_431.csv,1680,16,16,1.0,0.009523809523809525,1,0
769_YAHOO_id_219_WebService_tr_500_1st_205.csv,1680,9,9,1.0,0.005357142857142857,1,0
770_YAHOO_id_220_WebService_tr_500_1st_29.csv,1680,9,9,1.0,0.005357142857142857,1,0
771_YAHOO_id_221_WebService_tr_500_1st_61.csv,1680,16,16,1.0,0.009523809523809525,1,0
772_YAHOO_id_222_WebService_tr_500_1st_85.csv,1680,12,12,1.0,0.007142857142857143,1,0
773_YAHOO_id_223_WebService_tr_500_1st_137.csv,1680,15,15,1.0,0.008928571428571428,1,0
774_YAHOO_id_224_Synthetic_tr_500_1st_623.csv,1421,9,3,3.0,0.0063335679099225895,0,1
775_YAHOO_id_225_Synthetic_tr_500_1st_658.csv,1421,4,2,2.0,0.0028149190710767065,0,1
776_YAHOO_id_226_Synthetic_tr_500_1st_623.csv,1421,9,3,3.0,0.0063335679099225895,0,1
777_YAHOO_id_227_Synthetic_tr_500_1st_623.csv,1421,9,3,3.0,0.0063335679099225895,0,1
778_YAHOO_id_228_Synthetic_tr_500_1st_658.csv,1421,4,2,2.0,0.0028149190710767065,0,1
779_YAHOO_id_229_WebService_tr_500_1st_25.csv,1680,16,15,1.0666666666666667,0.009523809523809525,1,1
780_YAHOO_id_230_Synthetic_tr_500_1st_893.csv,1421,1,1,1.0,0.0007037297677691766,1,0
781_YAHOO_id_231_Synthetic_tr_500_1st_623.csv,1421,9,3,3.0,0.0063335679099225895,0,1
782_YAHOO_id_232_Synthetic_tr_500_1st_623.csv,1421,9,3,3.0,0.0063335679099225895,0,1
783_YAHOO_id_233_WebService_tr_500_1st_24.csv,1680,13,13,1.0,0.007738095238095238,1,0
784_YAHOO_id_234_Synthetic_tr_500_1st_623.csv,1421,9,3,3.0,0.0063335679099225895,0,1
785_YAHOO_id_235_Synthetic_tr_500_1st_658.csv,1421,4,2,2.0,0.0028149190710767065,0,1
786_YAHOO_id_236_Synthetic_tr_500_1st_623.csv,1421,9,3,3.0,0.0063335679099225895,0,1
787_YAHOO_id_237_Synthetic_tr_500_1st_623.csv,1421,9,3,3.0,0.0063335679099225895,0,1
788_YAHOO_id_238_WebService_tr_500_1st_973.csv,1680,1,1,1.0,0.0005952380952380953,1,0
789_YAHOO_id_239_WebService_tr_500_1st_421.csv,1461,3,1,3.0,0.002053388090349076,0,1
790_YAHOO_id_240_WebService_tr_500_1st_119.csv,1680,5,5,1.0,0.002976190476190476,1,0
791_YAHOO_id_241_WebService_tr_500_1st_593.csv,1680,2,2,1.0,0.0011904761904761906,1,0
792_YAHOO_id_242_Synthetic_tr_500_1st_893.csv,1421,1,1,1.0,0.0007037297677691766,1,0
793_YAHOO_id_243_WebService_tr_500_1st_28.csv,1680,5,5,1.0,0.002976190476190476,1,0
794_YAHOO_id_244_Synthetic_tr_500_1st_658.csv,1421,4,2,2.0,0.0028149190710767065,0,1
795_YAHOO_id_245_WebService_tr_500_1st_84.csv,1680,10,10,1.0,0.005952380952380952,1,0
796_YAHOO_id_246_WebService_tr_500_1st_222.csv,1680,5,5,1.0,0.002976190476190476,1,0
797_YAHOO_id_247_Synthetic_tr_500_1st_893.csv,1421,1,1,1.0,0.0007037297677691766,1,0
798_YAHOO_id_248_WebService_tr_500_1st_105.csv,1680,16,15,1.0666666666666667,0.009523809523809525,1,1
799_YAHOO_id_249_WebService_tr_500_1st_852.csv,1680,6,6,1.0,0.0035714285714285713,1,0
800_YAHOO_id_250_Synthetic_tr_500_1st_623.csv,1421,9,3,3.0,0.0063335679099225895,0,1
801_YAHOO_id_251_WebService_tr_500_1st_190.csv,1680,8,8,1.0,0.004761904761904762,1,0
802_YAHOO_id_252_WebService_tr_500_1st_63.csv,1680,7,7,1.0,0.004166666666666667,1,0
803_YAHOO_id_253_WebService_tr_500_1st_58.csv,1680,13,13,1.0,0.007738095238095238,1,0
804_YAHOO_id_254_WebService_tr_500_1st_420.csv,1461,9,3,3.0,0.006160164271047228,1,1
805_YAHOO_id_255_WebService_tr_500_1st_95.csv,1680,10,10,1.0,0.005952380952380952,1,0
806_YAHOO_id_256_Synthetic_tr_500_1st_893.csv,1421,1,1,1.0,0.0007037297677691766,1,0
807_YAHOO_id_257_WebService_tr_500_1st_1210.csv,1424,17,3,5.666666666666667,0.011938202247191011,0,1
808_YAHOO_id_258_WebService_tr_500_1st_142.csv,1439,10,3,3.3333333333333335,0.006949270326615705,0,1
809_YAHOO_id_259_WebService_tr_500_1st_123.csv,1680,11,11,1.0,0.006547619047619048,1,0
810_Exathlon_id_1_Facility_tr_10766_1st_12590.csv,43066,5437,3,1812.3333333333333,0.12624808433567083,0,1
811_Exathlon_id_2_Facility_tr_10766_1st_12590.csv,43066,5437,3,1812.3333333333333,0.12624808433567083,0,1
812_Exathlon_id_3_Facility_tr_10766_1st_12590.csv,43066,5437,3,1812.3333333333333,0.12624808433567083,0,1
813_Exathlon_id_4_Facility_tr_10766_1st_12590.csv,43066,5437,3,1812.3333333333333,0.12624808433567083,0,1
814_Exathlon_id_5_Facility_tr_10766_1st_12590.csv,43066,5437,3,1812.3333333333333,0.12624808433567083,0,1
815_Exathlon_id_6_Facility_tr_10766_1st_12590.csv,43066,5437,3,1812.3333333333333,0.12624808433567083,0,1
816_Exathlon_id_7_Facility_tr_10766_1st_12590.csv,43066,5437,3,1812.3333333333333,0.12624808433567083,0,1
817_Exathlon_id_8_Facility_tr_10766_1st_12590.csv,43066,5437,3,1812.3333333333333,0.12624808433567083,0,1
818_Exathlon_id_9_Facility_tr_11665_1st_13484.csv,46660,2928,3,976.0,0.06275182168881269,0,1
819_Exathlon_id_10_Facility_tr_10766_1st_12590.csv,43066,5437,3,1812.3333333333333,0.12624808433567083,0,1
820_Exathlon_id_11_Facility_tr_11665_1st_13484.csv,46660,2928,3,976.0,0.06275182168881269,0,1
821_Exathlon_id_12_Facility_tr_6985_1st_7085.csv,46649,4856,5,971.2,0.10409655083710262,0,1
822_Exathlon_id_13_Facility_tr_10766_1st_12590.csv,43066,5437,3,1812.3333333333333,0.12624808433567083,0,1
823_Exathlon_id_14_Facility_tr_10766_1st_12590.csv,43066,5437,3,1812.3333333333333,0.12624808433567083,0,1
824_Exathlon_id_15_Facility_tr_10766_1st_12590.csv,43066,5437,3,1812.3333333333333,0.12624808433567083,0,1
825_Exathlon_id_16_Facility_tr_10766_1st_12590.csv,43066,5437,3,1812.3333333333333,0.12624808433567083,0,1
826_Exathlon_id_17_Facility_tr_11665_1st_13484.csv,46660,2928,3,976.0,0.06275182168881269,0,1
827_Exathlon_id_18_Facility_tr_10766_1st_12590.csv,43066,5437,3,1812.3333333333333,0.12624808433567083,0,1
828_Exathlon_id_19_Facility_tr_11663_1st_13482.csv,46655,2948,3,982.6666666666666,0.06318722537777302,0,1
829_Exathlon_id_20_Facility_tr_10766_1st_12590.csv,43066,5437,3,1812.3333333333333,0.12624808433567083,0,1
830_Exathlon_id_21_Facility_tr_10766_1st_12590.csv,43066,5437,3,1812.3333333333333,0.12624808433567083,0,1
831_Exathlon_id_22_Facility_tr_11665_1st_13484.csv,46660,2928,3,976.0,0.06275182168881269,0,1
832_Exathlon_id_23_Facility_tr_10766_1st_12590.csv,43066,5437,3,1812.3333333333333,0.12624808433567083,0,1
833_Exathlon_id_24_Facility_tr_10766_1st_12590.csv,43066,5437,3,1812.3333333333333,0.12624808433567083,0,1
834_Exathlon_id_25_Facility_tr_11665_1st_13484.csv,46660,2928,3,976.0,0.06275182168881269,0,1
835_Exathlon_id_26_Facility_tr_10766_1st_12590.csv,43066,5437,3,1812.3333333333333,0.12624808433567083,0,1
836_Exathlon_id_27_Facility_tr_10766_1st_12590.csv,43066,5437,3,1812.3333333333333,0.12624808433567083,0,1
837_Exathlon_id_28_Facility_tr_8898_1st_8998.csv,46650,3891,4,972.75,0.08340836012861737,0,1
838_Exathlon_id_29_Facility_tr_10766_1st_12590.csv,43066,5437,3,1812.3333333333333,0.12624808433567083,0,1
839_Exathlon_id_30_Facility_tr_10766_1st_12590.csv,43066,5437,3,1812.3333333333333,0.12624808433567083,0,1
840_Exathlon_id_31_Facility_tr_10766_1st_12590.csv,43066,5437,3,1812.3333333333333,0.12624808433567083,0,1
841_Exathlon_id_32_Facility_tr_11663_1st_13482.csv,46655,2948,3,982.6666666666666,0.06318722537777302,0,1
842_OPPORTUNITY_id_1_HumanActivity_tr_7295_1st_27516.csv,29182,330,1,330.0,0.011308340758001507,0,1
843_OPPORTUNITY_id_2_HumanActivity_tr_808_1st_908.csv,9057,1142,1,1142.0,0.12609031688196976,0,1
844_OPPORTUNITY_id_3_HumanActivity_tr_500_1st_566.csv,15653,967,2,483.5,0.06177729508720373,0,1
845_OPPORTUNITY_id_4_HumanActivity_tr_7295_1st_27516.csv,29182,330,1,330.0,0.011308340758001507,0,1
846_OPPORTUNITY_id_5_HumanActivity_tr_2085_1st_2185.csv,22194,818,2,409.0,0.03685680814634586,0,1
847_OPPORTUNITY_id_6_HumanActivity_tr_808_1st_908.csv,9057,1142,1,1142.0,0.12609031688196976,0,1
848_OPPORTUNITY_id_7_HumanActivity_tr_1477_1st_1577.csv,18011,396,2,198.0,0.021986563766587086,0,1
849_OPPORTUNITY_id_8_HumanActivity_tr_1100_1st_1200.csv,24892,608,2,304.0,0.02442551823879158,0,1
850_OPPORTUNITY_id_9_HumanActivity_tr_895_1st_995.csv,14751,438,1,438.0,0.029692902176123654,0,1
851_OPPORTUNITY_id_10_HumanActivity_tr_6213_1st_7311.csv,24852,872,1,872.0,0.03508771929824561,0,1
852_OPPORTUNITY_id_11_HumanActivity_tr_500_1st_566.csv,15653,967,2,483.5,0.06177729508720373,0,1
853_OPPORTUNITY_id_12_HumanActivity_tr_808_1st_908.csv,9057,1142,1,1142.0,0.12609031688196976,0,1
854_OPPORTUNITY_id_13_HumanActivity_tr_1477_1st_1577.csv,18011,396,2,198.0,0.021986563766587086,0,1
855_OPPORTUNITY_id_14_HumanActivity_tr_808_1st_908.csv,9057,1142,1,1142.0,0.12609031688196976,0,1
856_OPPORTUNITY_id_15_HumanActivity_tr_808_1st_908.csv,9057,1142,1,1142.0,0.12609031688196976,0,1
857_OPPORTUNITY_id_16_HumanActivity_tr_500_1st_566.csv,15653,967,2,483.5,0.06177729508720373,0,1
858_OPPORTUNITY_id_17_HumanActivity_tr_808_1st_908.csv,9057,1142,1,1142.0,0.12609031688196976,0,1
859_OPPORTUNITY_id_18_HumanActivity_tr_895_1st_995.csv,14751,438,1,438.0,0.029692902176123654,0,1
860_OPPORTUNITY_id_19_HumanActivity_tr_808_1st_908.csv,9057,1142,1,1142.0,0.12609031688196976,0,1
861_OPPORTUNITY_id_20_HumanActivity_tr_2085_1st_2185.csv,22194,818,2,409.0,0.03685680814634586,0,1
862_OPPORTUNITY_id_21_HumanActivity_tr_500_1st_566.csv,15653,967,2,483.5,0.06177729508720373,0,1
863_OPPORTUNITY_id_22_HumanActivity_tr_808_1st_908.csv,9057,1142,1,1142.0,0.12609031688196976,0,1
864_OPPORTUNITY_id_23_HumanActivity_tr_895_1st_995.csv,14751,438,1,438.0,0.029692902176123654,0,1
865_OPPORTUNITY_id_24_HumanActivity_tr_2085_1st_2185.csv,22194,818,2,409.0,0.03685680814634586,0,1
866_OPPORTUNITY_id_25_HumanActivity_tr_6213_1st_7311.csv,24852,872,1,872.0,0.03508771929824561,0,1
867_OPPORTUNITY_id_26_HumanActivity_tr_808_1st_908.csv,9057,1142,1,1142.0,0.12609031688196976,0,1
868_OPPORTUNITY_id_27_HumanActivity_tr_2085_1st_2185.csv,22194,818,2,409.0,0.03685680814634586,0,1
869_OPPORTUNITY_id_28_HumanActivity_tr_500_1st_566.csv,15653,967,2,483.5,0.06177729508720373,0,1
870_OPPORTUNITY_id_29_HumanActivity_tr_1477_1st_1577.csv,18011,396,2,198.0,0.021986563766587086,0,1
